inputName,TotalOperators,DistinctOperators,Total_Operands,DistinctOperands,ProgramLength,VocabularySize,ProgramVolume,Effort,ProgramLevel,DifficultyLevel,TimeToImplement
values_27,4116,37,2693,2613,6809,2650,77430.43,1476319.40,0.05,19.07,82017.74
values_560,675,37,404,324,1079,361,9167.03,211464.09,0.04,23.07,11748.00
values_695,1380,37,865,785,2245,822,21738.32,443143.33,0.05,20.39,24619.07
values_821,3576,37,2309,2229,5885,2266,65593.81,1257038.14,0.05,19.16,69835.45
values_365,4578,37,2973,2893,7551,2930,86962.49,1653294.27,0.05,19.01,91849.68
values_852,2799,37,1845,1765,4644,1802,50226.64,971309.23,0.05,19.34,53961.62
values_329,4856,37,3161,3081,8017,3118,93048.55,1766095.32,0.05,18.98,98116.41
values_466,2279,37,1454,1374,3733,1411,39056.52,764615.25,0.05,19.58,42478.63
values_292,2521,37,1654,1574,4175,1611,44479.37,864691.34,0.05,19.44,48038.41
values_968,2593,37,1675,1595,4268,1632,45549.91,884939.11,0.05,19.43,49163.28
values_873,4370,37,2853,2773,7223,2810,82749.25,1575025.85,0.05,19.03,87501.44
values_84,2905,37,1884,1804,4789,1841,51942.81,1003555.74,0.05,19.32,55753.10
values_808,1378,37,881,801,2259,838,21936.71,446361.42,0.05,20.35,24797.86
values_683,2204,37,1439,1359,3643,1396,38058.72,745533.72,0.05,19.59,41418.54
values_111,3124,37,2039,1959,5163,1996,56601.43,1089888.17,0.05,19.26,60549.34
values_675,4951,37,3219,3139,8170,3176,95041.57,1803079.99,0.05,18.97,100171.11
values_552,849,37,516,436,1365,473,12128.98,265557.80,0.05,21.89,14753.21
values_870,703,37,418,338,1121,375,9585.39,219301.18,0.04,22.88,12183.40
values_744,1878,37,1193,1113,3071,1150,31224.14,619166.58,0.05,19.83,34398.14
values_112,624,37,375,295,999,332,8366.66,196758.42,0.04,23.52,10931.02
values_410,4075,37,2687,2607,6762,2644,76873.84,1465807.51,0.05,19.07,81433.75
values_756,4712,37,3100,3020,7812,3057,90446.56,1717586.19,0.05,18.99,95421.45
values_171,2692,37,1758,1678,4450,1715,47810.77,926668.42,0.05,19.38,51481.58
values_400,1534,37,983,903,2517,940,24859.19,500638.82,0.05,20.14,27813.27
values_970,3605,37,2382,2302,5987,2339,67004.57,1282662.98,0.05,19.14,71259.05
values_454,587,37,340,260,927,297,7614.67,184216.53,0.04,24.19,10234.25
values_927,4932,37,3230,3150,8162,3187,94989.22,1801930.42,0.05,18.97,100107.25
values_137,2846,37,1851,1771,4697,1808,50822.38,982685.60,0.05,19.34,54593.64
values_843,3531,37,2329,2249,5860,2286,65389.45,1252735.73,0.05,19.16,69596.43
values_663,4381,37,2846,2766,7227,2803,82769.07,1575514.89,0.05,19.04,87528.61
values_316,2417,37,1552,1472,3969,1509,41910.17,817476.04,0.05,19.51,45415.34
values_427,2375,37,1553,1473,3928,1510,41480.99,809076.38,0.05,19.50,44948.69
values_986,3445,37,2240,2160,5685,2197,63111.00,1210796.21,0.05,19.19,67266.46
values_935,2687,37,1748,1668,4435,1705,47612.19,923071.36,0.05,19.39,51281.74
values_840,3444,37,2246,2166,5690,2203,63188.89,1212170.70,0.05,19.18,67342.82
values_608,1446,37,912,832,2358,869,23021.65,466852.60,0.05,20.28,25936.26
values_371,1884,37,1210,1130,3094,1167,31523.49,624472.04,0.05,19.81,34692.89
values_459,1249,37,777,697,2026,734,19286.78,397758.77,0.05,20.62,22097.71
values_372,1213,37,743,663,1956,700,18486.57,383268.68,0.05,20.73,21292.70
values_542,1284,37,804,724,2088,761,19985.82,410592.65,0.05,20.54,22810.70
values_503,1472,37,934,854,2406,891,23577.07,477035.39,0.05,20.23,26501.97
values_804,622,37,366,286,988,323,8235.37,194970.84,0.04,23.67,10831.71
values_995,2523,37,1625,1545,4148,1582,44083.01,857764.08,0.05,19.46,47653.56
values_831,1656,37,1051,971,2707,1008,27008.50,540823.59,0.05,20.02,30045.76
values_630,4884,37,3174,3094,8058,3131,93572.78,1775856.56,0.05,18.98,98658.70
values_417,2593,37,1668,1588,4261,1625,45448.78,883160.24,0.05,19.43,49064.46
values_422,916,37,570,490,1486,527,13435.91,289146.17,0.05,21.52,16063.68
values_65,607,37,349,269,956,306,7894.06,189472.18,0.04,24.00,10526.23
values_572,4871,37,3194,3114,8065,3151,93728.16,1778517.34,0.05,18.98,98806.52
values_568,3539,37,2291,2211,5830,2248,64913.71,1244355.51,0.05,19.17,69130.86
values_946,1064,37,661,581,1725,618,15993.27,336615.74,0.05,21.05,18700.87
values_406,1593,37,1015,935,2608,972,25883.91,519823.68,0.05,20.08,28879.09
values_846,4051,37,2649,2569,6700,2606,76029.06,1450337.99,0.05,19.08,80574.33
values_96,3630,37,2351,2271,5981,2308,66822.29,1279760.12,0.05,19.15,71097.78
values_441,4731,37,3130,3050,7861,3087,91124.63,1730023.54,0.05,18.99,96112.42
values_969,909,37,553,473,1462,510,13149.74,284415.36,0.05,21.63,15800.85
values_862,2827,37,1846,1766,4673,1803,50544.03,977423.01,0.05,19.34,54301.28
values_341,2450,37,1575,1495,4025,1532,42589.33,830064.66,0.05,19.49,46114.70
values_810,2029,37,1312,1232,3341,1269,34443.96,678590.75,0.05,19.70,37699.49
values_28,4147,37,2723,2643,6870,2680,78235.68,1491169.67,0.05,19.06,82842.76
values_655,1804,37,1157,1077,2961,1114,29969.86,595626.63,0.05,19.87,33090.37
values_54,2762,37,1790,1710,4552,1747,49028.06,949452.79,0.05,19.37,52747.38
values_297,2154,37,1398,1318,3552,1355,36955.28,725170.30,0.05,19.62,40287.24
values_132,4766,37,3137,3057,7903,3094,91637.32,1739655.23,0.05,18.98,96647.51
values_811,890,37,538,458,1428,495,12782.43,277780.72,0.05,21.73,15432.26
values_824,4249,37,2787,2707,7036,2744,80365.65,1530702.85,0.05,19.05,85039.05
values_635,3511,37,2285,2205,5796,2242,64512.79,1236787.66,0.05,19.17,68710.43
values_310,4037,37,2640,2560,6677,2597,75734.74,1444876.88,0.05,19.08,80270.94
values_841,3076,37,1998,1918,5074,1955,55473.80,1069071.00,0.05,19.27,59392.83
values_15,4764,37,3124,3044,7888,3081,91415.48,1735632.71,0.05,18.99,96424.04
values_973,2103,37,1365,1285,3468,1322,35957.98,706637.28,0.05,19.65,39257.63
values_720,3792,37,2463,2383,6255,2420,70311.15,1344424.13,0.05,19.12,74690.23
values_87,4597,37,2984,2904,7581,2941,87348.97,1660472.68,0.05,19.01,92248.48
values_728,2450,37,1578,1498,4028,1535,42632.44,830820.39,0.05,19.49,46156.69
values_333,4460,37,2906,2826,7366,2863,84586.08,1609140.84,0.05,19.02,89396.71
values_337,4726,37,3085,3005,7811,3042,90379.55,1716534.80,0.05,18.99,95363.04
values_943,1297,37,799,719,2096,756,20042.46,412041.20,0.05,20.56,22891.18
values_742,1588,37,1016,936,2604,973,25848.07,519060.27,0.05,20.08,28836.68
values_59,4629,37,3024,2944,7653,2981,88327.72,1678466.64,0.05,19.00,93248.15
values_101,1619,37,1023,943,2642,980,26252.60,526875.43,0.05,20.07,29270.86
values_158,968,37,597,517,1565,554,14263.01,304695.89,0.05,21.36,16927.55
values_264,1051,37,649,569,1700,606,15713.40,331569.22,0.05,21.10,18420.51
values_500,2432,37,1570,1490,4002,1527,42327.09,825094.19,0.05,19.49,45838.57
values_647,3034,37,1953,1873,4987,1910,54355.09,1048519.32,0.05,19.29,58251.07
values_5,1559,37,983,903,2542,940,25106.11,505611.40,0.05,20.14,28089.52
values_524,4845,37,3173,3093,8018,3130,93104.59,1766985.46,0.05,18.98,98165.86
values_92,2627,37,1694,1614,4321,1651,46187.71,896825.61,0.05,19.42,49823.65
values_691,2900,37,1872,1792,4772,1829,51713.40,999407.58,0.05,19.33,55522.64
values_706,4845,37,3173,3093,8018,3130,93104.59,1766985.46,0.05,18.98,98165.86
values_379,3677,37,2408,2328,6085,2365,68198.39,1305026.67,0.05,19.14,72501.48
values_463,2932,37,1891,1811,4823,1848,52337.99,1011024.80,0.05,19.32,56168.04
values_812,2966,37,1909,1829,4875,1866,52970.45,1022816.23,0.05,19.31,56823.12
values_0,2351,37,1516,1436,3867,1473,40698.40,794865.88,0.05,19.53,44159.22
values_940,1485,37,942,862,2427,899,23814.15,481449.27,0.05,20.22,26747.18
values_762,3442,37,2221,2141,5663,2178,62795.81,1205131.04,0.05,19.19,66951.72
values_982,1149,37,719,639,1868,676,17560.84,365548.59,0.05,20.82,20308.26
values_146,978,37,615,535,1593,572,14591.68,310311.74,0.05,21.27,17239.54
values_553,519,37,303,223,822,260,6594.39,165761.58,0.04,25.14,9208.98
values_384,4843,37,3195,3115,8038,3152,93418.05,1772618.79,0.05,18.98,98478.82
values_315,3641,37,2409,2329,6050,2366,67809.82,1297572.46,0.05,19.14,72087.36
values_789,3839,37,2501,2421,6340,2458,71409.13,1364722.50,0.05,19.11,75817.92
values_488,1496,37,961,881,2457,918,24182.65,488003.78,0.05,20.18,27111.32
values_903,4377,37,2872,2792,7249,2829,83117.59,1581734.85,0.05,19.03,87874.16
values_77,840,37,505,425,1345,462,11905.60,261713.16,0.05,21.98,14539.62
values_639,2940,37,1917,1837,4857,1874,52804.84,1019432.43,0.05,19.31,56635.14
values_512,4494,37,2972,2892,7466,2929,85979.89,1634628.80,0.05,19.01,90812.71
values_719,1780,37,1137,1057,2917,1094,29448.27,586026.21,0.05,19.90,32557.01
values_198,2933,37,1927,1847,4860,1884,52874.77,1020551.86,0.05,19.30,56697.33
values_763,4638,37,3052,2972,7690,3009,88858.48,1688131.65,0.05,19.00,93785.09
values_770,2513,37,1638,1558,4151,1595,44163.90,858985.08,0.05,19.45,47721.39
values_17,4935,37,3226,3146,8161,3183,94962.80,1801485.88,0.05,18.97,100082.55
values_139,3715,37,2407,2326,6122,2363,68605.60,1313402.10,0.05,19.14,72966.78
values_693,2910,37,1877,1797,4787,1834,51894.80,1002794.17,0.05,19.32,55710.79
values_645,575,37,328,248,903,285,7363.80,180175.58,0.04,24.47,10009.75
values_632,727,37,435,355,1162,392,10010.29,226923.47,0.04,22.67,12606.86
values_803,4235,37,2760,2680,6995,2717,79797.55,1520322.04,0.05,19.05,84462.34
values_716,1020,37,627,547,1647,584,15135.64,320961.37,0.05,21.21,17831.19
values_662,533,37,298,218,831,255,6643.31,168002.55,0.04,25.29,9333.47
values_700,3908,37,2534,2454,6442,2491,72681.92,1388449.86,0.05,19.10,77136.10
values_976,1735,37,1108,1028,2843,1065,28591.02,570096.06,0.05,19.94,31672.00
values_784,1518,37,969,889,2487,926,24509.06,494220.05,0.05,20.16,27456.67
values_244,1060,37,644,564,1704,601,15730.00,332282.32,0.05,21.12,18460.13
values_302,289,37,141,61,430,98,2844.33,121629.87,0.02,42.76,6757.22
values_450,353,37,183,103,536,140,3821.30,125601.91,0.03,32.87,6977.88
values_891,1433,37,900,820,2333,857,22730.77,461545.56,0.05,20.30,25641.42
values_548,4405,37,2867,2787,7272,2824,83362.75,1586479.56,0.05,19.03,88137.75
values_416,1839,37,1175,1095,3014,1132,30576.00,606982.46,0.05,19.85,33721.25
values_613,4782,37,3141,3061,7923,3098,91883.99,1744279.98,0.05,18.98,96904.44
values_152,2589,37,1681,1601,4270,1638,45593.86,885634.44,0.05,19.42,49201.91
values_166,5144,37,3345,3265,8489,3302,99228.98,1880715.83,0.05,18.95,104484.21
values_335,3428,37,2257,2177,5685,2214,63174.22,1211671.07,0.05,19.18,67315.06
values_189,1642,37,1040,960,2682,997,26716.61,535445.35,0.05,20.04,29746.96
values_563,1845,37,1169,1089,3014,1126,30552.89,606751.24,0.05,19.86,33708.40
values_562,916,37,559,479,1475,516,13291.56,286961.73,0.05,21.59,15942.32
values_457,4191,37,2749,2669,6940,2706,79129.51,1507774.35,0.05,19.05,83765.24
values_290,2522,37,1640,1560,4162,1597,44288.46,861353.78,0.05,19.45,47852.99
values_707,3595,37,2341,2261,5936,2298,66282.34,1269610.30,0.05,19.15,70533.91
values_12,4185,37,2711,2631,6896,2668,78487.12,1496162.59,0.05,19.06,83120.14
values_143,1030,37,634,554,1664,591,15320.47,324357.07,0.05,21.17,18019.84
values_749,4166,37,2716,2636,6882,2673,78346.37,1493395.91,0.05,19.06,82966.44
values_476,597,37,353,273,950,310,7862.32,188076.44,0.04,23.92,10448.69
values_243,2778,37,1804,1724,4582,1761,49403.95,956384.72,0.05,19.36,53132.48
values_309,2700,37,1744,1664,4444,1701,47693.75,924754.34,0.05,19.39,51375.24
values_930,1142,37,719,639,1861,676,17495.04,364178.76,0.05,20.82,20232.15
values_447,2822,37,1838,1758,4660,1795,50373.52,974317.85,0.05,19.34,54128.77
values_430,2898,37,1882,1802,4780,1839,51837.69,1001572.13,0.05,19.32,55642.90
values_844,3473,37,2294,2214,5767,2251,64223.33,1231063.24,0.05,19.17,68392.40
values_933,4071,37,2654,2574,6725,2611,76331.35,1456019.03,0.05,19.07,80889.95
values_366,2091,37,1359,1279,3450,1316,35748.71,702717.82,0.05,19.66,39039.88
values_669,1572,37,1011,931,2583,968,25620.42,514706.33,0.05,20.09,28594.80
values_241,4869,37,3195,3115,8064,3152,93720.23,1778352.57,0.05,18.98,98797.36
values_998,1693,37,1083,1003,2776,1040,27822.09,555762.26,0.05,19.98,30875.68
values_646,4671,37,3024,2944,7695,2981,88812.46,1687678.14,0.05,19.00,93759.90
values_355,1288,37,824,744,2112,781,20294.59,415820.78,0.05,20.49,23101.15
values_674,2921,37,1889,1809,4810,1846,52189.40,1008201.67,0.05,19.32,56011.20
values_665,4982,37,3266,3186,8248,3223,96123.75,1822941.90,0.05,18.96,101274.55
values_33,2500,37,1611,1531,4111,1568,43637.07,849469.29,0.05,19.47,47192.74
values_887,1386,37,867,787,2253,824,21823.69,444778.92,0.05,20.38,24709.94
values_481,569,37,322,242,891,279,7238.59,178183.03,0.04,24.62,9899.06
values_513,3401,37,2204,2124,5605,2161,62089.29,1191915.67,0.05,19.20,66217.54
values_145,3563,37,2345,2265,5908,2302,65984.51,1263829.23,0.05,19.15,70212.74
values_192,1462,37,908,828,2370,865,23123.04,469107.25,0.05,20.29,26061.51
values_989,2797,37,1821,1741,4618,1778,49856.11,964720.04,0.05,19.35,53595.56
values_702,1263,37,777,697,2040,734,19420.06,400507.35,0.05,20.62,22250.41
values_203,4228,37,2748,2668,6976,2705,79536.26,1515541.30,0.05,19.05,84196.74
values_596,3120,37,2020,1940,5140,1977,56278.36,1084083.65,0.05,19.26,60226.87
values_741,1658,37,1051,971,2709,1008,27028.45,541223.16,0.05,20.02,30067.95
values_584,4318,37,2839,2759,7157,2796,81941.56,1559874.40,0.05,19.04,86659.69
values_255,2414,37,1576,1496,3990,1533,42222.75,822891.98,0.05,19.49,45716.22
values_692,3477,37,2279,2199,5756,2236,64045.31,1227942.87,0.05,19.17,68219.05
values_348,1867,37,1178,1098,3045,1135,30902.11,613342.18,0.05,19.85,34074.57
values_25,2271,37,1456,1376,3727,1413,39001.36,763474.34,0.05,19.58,42415.24
values_433,2928,37,1889,1809,4817,1846,52265.35,1009668.91,0.05,19.32,56092.72
values_346,2652,37,1739,1659,4391,1696,47106.30,913490.23,0.05,19.39,50749.46
values_472,1417,37,880,800,2297,837,22301.77,453840.93,0.05,20.35,25213.38
values_701,2979,37,1972,1892,4951,1929,54033.42,1041885.41,0.05,19.28,57882.52
values_326,480,37,274,194,754,231,5920.22,154688.60,0.04,26.13,8593.81
values_19,1441,37,904,824,2345,861,22863.44,464039.12,0.05,20.30,25779.95
values_549,3791,37,2457,2377,6248,2414,70210.09,1342601.78,0.05,19.12,74588.99
values_566,3493,37,2275,2195,5768,2232,64163.93,1230295.89,0.05,19.17,68349.77
values_163,3103,37,2024,1944,5127,1981,56150.97,1081541.65,0.05,19.26,60085.65
values_900,2321,37,1503,1423,3824,1460,40196.94,785450.51,0.05,19.54,43636.14
values_797,1349,37,850,770,2199,807,21234.48,433652.17,0.05,20.42,24091.79
values_682,4470,37,2917,2837,7387,2874,84868.09,1614333.53,0.05,19.02,89685.20
values_574,3697,37,2400,2320,6097,2357,68303.08,1307179.67,0.05,19.14,72621.09
values_515,2321,37,1474,1394,3795,1431,39782.26,778208.28,0.05,19.56,43233.79
values_794,502,37,283,203,785,240,6206.91,160080.16,0.04,25.79,8893.34
values_886,3484,37,2291,2211,5775,2248,64301.31,1232616.31,0.05,19.17,68478.68
values_659,2342,37,1493,1413,3835,1450,40274.55,787263.33,0.05,19.55,43736.85
values_620,4833,37,3193,3113,8026,3150,93271.24,1769861.45,0.05,18.98,98325.64
values_425,2222,37,1440,1360,3662,1397,38261.00,749465.51,0.05,19.59,41636.97
values_284,3896,37,2563,2483,6459,2520,72981.58,1393660.22,0.05,19.10,77425.57
values_97,4309,37,2825,2745,7134,2782,81626.56,1554101.35,0.05,19.04,86338.96
values_499,2595,37,1678,1598,4273,1635,45614.60,886116.32,0.05,19.43,49228.68
values_726,1827,37,1164,1084,2991,1121,30300.54,601929.66,0.05,19.87,33440.54
values_201,2264,37,1467,1387,3731,1424,39084.96,764777.44,0.05,19.57,42487.64
values_689,2279,37,1476,1396,3755,1433,39370.51,770093.94,0.05,19.56,42783.00
values_260,2647,37,1694,1614,4341,1651,46401.49,900976.62,0.05,19.42,50054.26
values_178,4079,37,2676,2596,6755,2633,76753.63,1463700.04,0.05,19.07,81316.67
values_105,1995,37,1280,1200,3275,1237,33642.86,663885.82,0.05,19.73,36882.55
values_381,1331,37,824,744,2155,781,20707.78,424286.83,0.05,20.49,23571.49
values_511,3170,37,2076,1996,5246,2033,57650.36,1109278.49,0.05,19.24,61626.58
values_951,4702,37,3085,3005,7787,3042,90101.85,1711260.59,0.05,18.99,95070.03
values_634,3387,37,2188,2108,5575,2145,61697.20,1184714.98,0.05,19.20,65817.50
values_487,3150,37,2027,1947,5177,1984,56709.87,1092240.33,0.05,19.26,60680.02
values_138,4239,37,2795,2715,7034,2752,80372.35,1530700.96,0.05,19.05,85038.94
values_664,2827,37,1856,1776,4683,1813,50689.56,979998.09,0.05,19.33,54444.34
values_107,4628,37,3038,2958,7666,2995,88529.58,1682091.89,0.05,19.00,93449.55
values_103,834,37,507,427,1341,464,11878.55,260924.79,0.05,21.97,14495.82
values_983,3735,37,2455,2375,6190,2412,69550.93,1330033.37,0.05,19.12,73890.74
values_404,2696,37,1728,1648,4424,1685,47418.79,919832.44,0.05,19.40,51101.80
values_81,1126,37,699,619,1825,656,17077.53,356765.93,0.05,20.89,19820.33
values_435,1555,37,984,904,2539,941,25080.37,505047.65,0.05,20.14,28058.20
values_124,2009,37,1278,1198,3287,1235,33758.46,666236.47,0.05,19.74,37013.14
values_681,2622,37,1711,1631,4333,1668,46380.01,900116.36,0.05,19.41,50006.46
values_8,650,37,387,307,1037,344,8738.04,203778.41,0.04,23.32,11321.02
values_380,911,37,552,472,1463,509,13154.60,284607.50,0.05,21.64,15811.53
values_144,3836,37,2484,2404,6320,2441,71120.58,1359515.48,0.05,19.12,75528.64
values_238,831,37,501,421,1332,458,11773.82,259205.81,0.05,22.02,14400.32
values_104,719,37,423,343,1142,380,9786.78,223283.99,0.04,22.81,12404.67
values_221,3551,37,2307,2227,5858,2264,65285.41,1251166.85,0.05,19.16,69509.27
values_690,2833,37,1843,1763,4676,1800,50565.24,977905.37,0.05,19.34,54328.08
values_771,2587,37,1696,1616,4283,1653,45789.00,889031.98,0.05,19.42,49390.67
values_140,1567,37,997,917,2564,954,25378.08,510453.56,0.05,20.11,28358.53
values_746,394,37,215,135,609,172,4522.60,133249.06,0.03,29.46,7402.73
values_736,2673,37,1736,1656,4409,1693,47288.14,917092.93,0.05,19.39,50949.61
values_582,4658,37,3019,2939,7677,2976,88586.12,1683452.81,0.05,19.00,93525.16
values_444,1511,37,967,887,2478,924,24412.63,492367.33,0.05,20.17,27353.74
values_827,4482,37,2933,2853,7415,2890,85249.17,1621332.85,0.05,19.02,90074.05
values_526,1518,37,957,877,2475,914,24344.22,491450.77,0.05,20.19,27302.82
values_498,914,37,562,482,1476,519,13312.92,287166.78,0.05,21.57,15953.71
values_73,4482,37,2951,2871,7433,2908,85522.70,1626256.84,0.05,19.02,90347.60
values_752,2711,37,1752,1672,4463,1709,47927.87,929089.87,0.05,19.39,51616.10
values_992,353,37,179,99,532,136,3770.53,126122.33,0.03,33.45,7006.80
values_240,3089,37,2007,1927,5096,1964,55748.10,1074156.16,0.05,19.27,59675.34
values_89,4788,37,3183,3103,7971,3140,92595.51,1757181.10,0.05,18.98,97621.17
values_218,2990,37,1962,1882,4952,1919,54007.20,1041604.33,0.05,19.29,57866.91
values_377,1757,37,1116,1036,2873,1073,28923.74,576408.80,0.05,19.93,32022.71
values_82,1091,37,672,592,1763,629,16390.46,344199.73,0.05,21,19122.21
values_739,1858,37,1175,1095,3033,1132,30768.75,610808.83,0.05,19.85,33933.82
values_398,2381,37,1563,1483,3944,1520,41687.51,812822.12,0.05,19.50,45156.78
values_34,3056,37,1992,1912,5048,1949,55167.16,1063295.09,0.05,19.27,59071.95
values_320,1487,37,953,873,2440,910,23984.52,484374.73,0.05,20.20,26909.71
values_569,4487,37,2943,2863,7430,2900,85458.65,1625162.05,0.05,19.02,90286.78
values_924,1310,37,838,758,2148,795,20695.57,423276.37,0.05,20.45,23515.35
values_926,4623,37,3024,2944,7647,2981,88258.47,1677150.71,0.05,19.00,93175.04
values_307,1113,37,682,602,1795,639,16728.81,350610.32,0.05,20.96,19478.35
values_438,3975,37,2610,2530,6585,2567,74580.84,1423373.82,0.05,19.08,79076.32
values_70,326,37,170,90,496,127,3466.39,121130.99,0.03,34.94,6729.50
values_29,3046,37,1976,1896,5022,1933,54823.30,1057025.52,0.05,19.28,58723.64
values_717,3039,37,1994,1914,5033,1951,55010.68,1060234.58,0.05,19.27,58901.92
values_324,3792,37,2476,2396,6268,2433,70505.73,1347907.07,0.05,19.12,74883.73
values_920,3963,37,2611,2531,6574,2568,74459.95,1421049.42,0.05,19.08,78947.19
values_175,1683,37,1064,984,2747,1021,27458.37,549279.07,0.05,20.00,30515.50
values_916,3309,37,2148,2068,5457,2105,60243.12,1157611.79,0.05,19.22,64311.77
values_623,3588,37,2306,2226,5894,2263,65682.86,1258803.44,0.05,19.16,69933.52
values_263,427,37,232,152,659,189,4983.52,140718.80,0.04,28.24,7817.71
values_199,2120,37,1372,1292,3492,1329,36233.43,711824.24,0.05,19.65,39545.79
values_718,4329,37,2846,2766,7175,2803,82173.52,1564178.68,0.05,19.04,86898.82
values_222,3886,37,2561,2481,6447,2518,72838.61,1390964.96,0.05,19.10,77275.83
values_629,3690,37,2394,2314,6084,2351,68135.07,1304077.05,0.05,19.14,72448.72
values_603,1108,37,687,607,1795,644,16749.00,350694.17,0.05,20.94,19483.01
values_543,2543,37,1608,1528,4151,1565,44050.19,857594.96,0.05,19.47,47644.16
values_583,1573,37,990,910,2563,947,25340.95,510021.36,0.05,20.13,28334.52
values_854,1991,37,1276,1196,3267,1233,33545.42,662101.24,0.05,19.74,36783.40
values_585,1466,37,933,853,2399,890,23504.59,475616.62,0.05,20.24,26423.15
values_708,3008,37,1953,1873,4961,1910,54071.71,1043052.81,0.05,19.29,57947.38
values_559,2632,37,1703,1623,4335,1660,46371.35,900155.70,0.05,19.41,50008.65
values_640,2213,37,1423,1343,3636,1380,37925.13,743408.70,0.05,19.60,41300.48
values_793,4612,37,3022,2942,7634,2979,88101.04,1674189.18,0.05,19.00,93010.51
values_420,660,37,397,317,1057,354,8950.26,207366.49,0.04,23.17,11520.36
values_51,926,37,553,473,1479,510,13302.65,287722.51,0.05,21.63,15984.58
values_323,4310,37,2826,2746,7136,2783,81653.15,1554591.45,0.05,19.04,86366.19
values_57,2154,37,1393,1313,3547,1350,36884.34,723936.01,0.05,19.63,40218.67
values_242,2791,37,1810,1730,4601,1767,49631.38,960639.83,0.05,19.36,53368.88
values_443,4210,37,2754,2674,6964,2711,79421.70,1513259.61,0.05,19.05,84069.98
values_544,3861,37,2526,2446,6387,2483,72031.75,1376171.52,0.05,19.11,76453.97
values_825,5041,37,3285,3205,8326,3242,97103.38,1841252.72,0.05,18.96,102291.82
values_896,2084,37,1346,1266,3430,1303,35492.34,698100.15,0.05,19.67,38783.34
values_382,4954,37,3240,3160,8194,3197,95398.67,1809555.78,0.05,18.97,100530.88
values_484,3808,37,2508,2428,6316,2465,71164.72,1359926.17,0.05,19.11,75551.45
values_129,1887,37,1225,1145,3112,1182,31764.23,628695.92,0.05,19.79,34927.55
values_88,3558,37,2320,2240,5878,2277,65556.86,1256116.18,0.05,19.16,69784.23
values_965,4589,37,2997,2917,7586,2954,87454.85,1662286.80,0.05,19.01,92349.27
values_904,1773,37,1123,1043,2896,1080,29182.46,581284.90,0.05,19.92,32293.61
values_23,3782,37,2472,2392,6254,2429,70333.40,1344685.26,0.05,19.12,74704.74
values_153,2080,37,1339,1259,3419,1296,35351.95,695568.51,0.05,19.68,38642.70
values_164,778,37,463,383,1241,420,10814.38,241855.25,0.04,22.36,13436.40
values_45,3901,37,2548,2468,6449,2505,72813.05,1390705.58,0.05,19.10,77261.42
values_644,3900,37,2543,2463,6443,2500,72726.73,1389145.52,0.05,19.10,77174.75
values_532,2502,37,1612,1532,4114,1569,43672.70,850135.29,0.05,19.47,47229.74
values_847,2219,37,1422,1342,3641,1379,37973.47,744387.54,0.05,19.60,41354.86
values_625,2005,37,1292,1212,3297,1249,33914.78,668837.54,0.05,19.72,37157.64
values_850,1168,37,707,627,1875,664,17578.20,366689.08,0.05,20.86,20371.62
values_458,2657,37,1716,1636,4373,1673,46827.05,908662.37,0.05,19.40,50481.24
values_451,3228,37,2113,2033,5341,2070,58833.33,1131246.61,0.05,19.23,62847.03
values_232,1009,37,610,530,1619,567,14809.32,315326.85,0.05,21.29,17518.16
values_239,1222,37,756,676,1978,713,18747.01,387863.35,0.05,20.69,21547.96
values_721,2714,37,1755,1675,4469,1712,48003.62,930482.03,0.05,19.38,51693.45
values_258,2531,37,1630,1550,4161,1587,44240.11,860684.23,0.05,19.45,47815.79
values_468,2986,37,1923,1843,4909,1880,53392.82,1030643.69,0.05,19.30,57257.98
values_892,795,37,474,394,1269,431,11105.71,247172.50,0.04,22.26,13731.81
values_954,773,37,458,378,1231,415,10705.97,239977.93,0.04,22.42,13332.11
values_944,3544,37,2305,2225,5849,2262,65177.65,1249140.62,0.05,19.17,69396.70
values_119,764,37,464,384,1228,421,10705.31,239308.21,0.04,22.35,13294.90
values_66,2219,37,1426,1346,3645,1383,38030.42,745379.26,0.05,19.60,41409.96
values_876,2275,37,1464,1384,3739,1421,39157.39,766285.25,0.05,19.57,42571.40
values_328,3409,37,2183,2103,5592,2140,61866.51,1188069.31,0.05,19.20,66003.85
values_494,260,37,122,42,382,79,2408.04,129403.71,0.02,53.74,7189.10
values_966,5107,37,3343,3263,8450,3300,98765.72,1871962.93,0.05,18.95,103997.94
values_36,4704,37,3085,3005,7789,3042,90125.00,1711700.11,0.05,18.99,95094.45
values_147,1118,37,694,614,1812,651,16935.88,354136.48,0.05,20.91,19674.25
values_519,4115,37,2706,2626,6821,2663,77615.05,1479621.77,0.05,19.06,82201.21
values_929,2583,37,1672,1592,4255,1629,45399.88,882103.60,0.05,19.43,49005.76
values_340,3914,37,2549,2469,6463,2506,72974.84,1393777.99,0.05,19.10,77432.11
values_354,2623,37,1687,1607,4310,1644,46043.71,894213.48,0.05,19.42,49678.53
values_317,1791,37,1142,1062,2933,1099,29629.09,589429.27,0.05,19.89,32746.07
values_959,2730,37,1793,1713,4523,1750,48726.91,943546.95,0.05,19.36,52419.27
values_869,2322,37,1493,1413,3815,1450,40064.51,783157.66,0.05,19.55,43508.76
values_449,2380,37,1528,1448,3908,1485,41175.65,803835.21,0.05,19.52,44657.51
values_133,2793,37,1819,1739,4612,1776,49783.85,963370.38,0.05,19.35,53520.58
values_56,820,37,502,422,1322,459,11689.59,257254.02,0.05,22.01,14291.89
values_334,877,37,526,446,1403,483,12508.98,272925.72,0.05,21.82,15162.54
values_775,794,37,476,396,1270,433,11122.94,247345.05,0.04,22.24,13741.39
values_492,3646,37,2347,2267,5993,2304,66941.36,1282117.51,0.05,19.15,71228.75
values_614,284,37,139,59,423,96,2785.44,121402.66,0.02,43.58,6744.59
values_878,1105,37,685,605,1790,642,16694.31,349683.68,0.05,20.95,19426.87
values_687,731,37,432,352,1163,389,10006.02,227182.08,0.04,22.70,12621.23
values_972,3884,37,2549,2469,6433,2506,72636.10,1387308.34,0.05,19.10,77072.69
values_769,3369,37,2183,2103,5552,2140,61423.97,1179570.96,0.05,19.20,65531.72
values_814,804,37,500,420,1304,457,11522.21,253762.95,0.05,22.02,14097.94
values_991,3291,37,2164,2084,5455,2121,60280.64,1158001.41,0.05,19.21,64333.41
values_787,2508,37,1633,1553,4141,1590,44038.75,856685.60,0.05,19.45,47593.64
values_26,2182,37,1396,1316,3578,1353,37218.16,730392.31,0.05,19.62,40577.35
values_274,2826,37,1836,1756,4662,1793,50387.64,974639.30,0.05,19.34,54146.63
values_357,851,37,522,442,1373,479,12225.03,267097.54,0.05,21.85,14838.75
values_817,2401,37,1541,1461,3942,1498,41583.46,811418.18,0.05,19.51,45078.79
values_839,972,37,602,522,1574,559,14365.43,306490.09,0.05,21.34,17027.23
values_174,5014,37,3297,3217,8311,3254,96972.74,1838608.50,0.05,18.96,102144.92
values_373,1268,37,797,717,2065,754,19738.14,405898.17,0.05,20.56,22549.90
values_872,4972,37,3263,3183,8235,3220,95961.18,1819900.88,0.05,18.96,101105.60
values_353,3796,37,2483,2403,6279,2440,70655.49,1350642.98,0.05,19.12,75035.72
values_483,3545,37,2317,2237,5862,2274,65367.26,1252541.29,0.05,19.16,69585.63
values_907,550,37,316,236,866,273,7008.33,173604.59,0.04,24.77,9644.70
values_43,1081,37,661,581,1742,618,16150.89,339933.12,0.05,21.05,18885.17
values_671,845,37,520,440,1365,477,12145.56,265546.09,0.05,21.86,14752.56
values_176,5067,37,3320,3240,8387,3277,97944.73,1856717.64,0.05,18.96,103150.98
values_798,1409,37,903,823,2312,860,22537.82,457479.44,0.05,20.30,25415.52
values_362,1252,37,766,686,2018,723,19166.67,395934.13,0.05,20.66,21996.34
values_115,342,37,176,96,518,133,3654.64,123953.08,0.03,33.92,6886.28
values_234,4607,37,3020,2940,7627,2977,88012.86,1672543.72,0.05,19.00,92919.10
values_818,2348,37,1519,1439,3867,1476,40709.75,795000.10,0.05,19.53,44166.67
values_52,2670,37,1707,1627,4377,1664,46835.82,909066.95,0.05,19.41,50503.72
values_834,1279,37,803,723,2082,760,19924.44,409387.98,0.05,20.55,22743.78
values_952,3072,37,1990,1910,5062,1947,55312.66,1066144.32,0.05,19.27,59230.24
values_325,563,37,323,243,886,280,7202.54,177114.43,0.04,24.59,9839.69
values_118,3951,37,2599,2519,6550,2556,74143.85,1415223.36,0.05,19.09,78623.52
values_882,2173,37,1393,1313,3566,1350,37081.92,727813.88,0.05,19.63,40434.10
values_592,319,37,159,79,478,116,3278.11,122057.91,0.03,37.23,6781.00
values_641,4236,37,2782,2702,7018,2739,80141.58,1526516.26,0.05,19.05,84806.46
values_777,1545,37,986,906,2531,943,25009.10,503522.06,0.05,20.13,27973.45
values_755,3980,37,2614,2534,6594,2571,74697.58,1425532.92,0.05,19.08,79196.27
values_393,664,37,392,312,1056,349,8920.12,207335.61,0.04,23.24,11518.64
values_230,4018,37,2634,2554,6652,2591,75428.98,1439145.94,0.05,19.08,79952.55
values_786,2271,37,1472,1392,3743,1429,39229.60,767457.19,0.05,19.56,42636.51
values_694,2748,37,1765,1685,4513,1722,48514.16,940123.82,0.05,19.38,52229.10
values_922,4149,37,2740,2660,6889,2697,78514.90,1496210.56,0.05,19.06,83122.81
values_806,2399,37,1526,1446,3925,1483,41347.14,807241.41,0.05,19.52,44846.74
values_98,5062,37,3359,3279,8421,3316,98485.52,1866434.21,0.05,18.95,103690.79
values_605,3671,37,2368,2288,6039,2325,67534.23,1293067.94,0.05,19.15,71837.11
values_773,4884,37,3218,3138,8102,3175,94246.85,1788017.05,0.05,18.97,99334.28
values_564,3366,37,2176,2096,5542,2133,61287.14,1177087.35,0.05,19.21,65393.74
values_233,1588,37,1019,939,2607,976,25889.43,519759.99,0.05,20.08,28875.56
values_279,2450,37,1591,1511,4041,1548,42819.20,834095.97,0.05,19.48,46338.66
values_267,3448,37,2249,2169,5697,2206,63277.82,1213816.71,0.05,19.18,67434.26
values_963,2992,37,1920,1840,4912,1877,53414.13,1031125.02,0.05,19.30,57284.72
values_939,1433,37,912,832,2345,869,22894.73,464278.77,0.05,20.28,25793.26
values_117,4977,37,3244,3164,8221,3201,95727.85,1815743.06,0.05,18.97,100874.61
values_540,470,37,267,187,737,224,5754.02,151989.22,0.04,26.41,8443.85
values_849,4555,37,2969,2889,7524,2926,86636.71,1647162.05,0.05,19.01,91509.00
values_913,1992,37,1288,1208,3280,1245,33724.73,665225.89,0.05,19.73,36956.99
values_184,3894,37,2523,2443,6417,2480,72358.89,1382475.39,0.05,19.11,76804.19
values_879,1813,37,1176,1096,2989,1133,30326.19,601985.96,0.05,19.85,33443.66
values_289,266,37,125,45,391,82,2485.80,127742.65,0.02,51.39,7096.81
values_829,2997,37,1928,1848,4925,1885,53585.72,1034250.75,0.05,19.30,57458.37
values_209,4071,37,2691,2611,6762,2648,76888.59,1466021.84,0.05,19.07,81445.66
values_455,3817,37,2499,2419,6316,2456,71131.39,1359450.56,0.05,19.11,75525.03
values_880,3539,37,2297,2217,5836,2254,65002.95,1245948.60,0.05,19.17,69219.37
values_61,1002,37,622,542,1624,579,14904.13,316424.02,0.05,21.23,17579.11
values_44,1881,37,1194,1114,3075,1151,31268.67,620012.19,0.05,19.83,34445.12
values_423,3865,37,2507,2427,6372,2464,71791.96,1371930.53,0.05,19.11,76218.36
values_928,1145,37,717,637,1862,674,17496.48,364336.00,0.05,20.82,20240.89
values_206,1497,37,941,861,2438,898,23918.17,483599.91,0.05,20.22,26866.66
values_486,499,37,281,201,780,238,6157.96,159264.40,0.04,25.86,8848.02
values_125,3628,37,2353,2273,5981,2310,66829.76,1279864.93,0.05,19.15,71103.61
values_936,2342,37,1498,1418,3840,1455,40346.13,788513.52,0.05,19.54,43806.31
values_268,403,37,218,138,621,175,4627.20,135228.30,0.03,29.22,7512.68
values_68,3406,37,2251,2171,5657,2208,62840.92,1205396.58,0.05,19.18,66966.48
values_428,4720,37,3087,3007,7807,3044,90340.67,1715766.76,0.05,18.99,95320.38
values_610,2210,37,1430,1350,3640,1387,37993.42,744530.27,0.05,19.60,41362.79
values_399,2065,37,1318,1238,3383,1275,34899.98,687371.75,0.05,19.70,38187.32
values_41,4444,37,2870,2790,7314,2827,83855.42,1595807.73,0.05,19.03,88655.99
values_102,2392,37,1525,1445,3917,1482,41259.05,805550.88,0.05,19.52,44752.83
values_510,2741,37,1756,1676,4497,1713,48308.17,936359.82,0.05,19.38,52019.99
values_202,3714,37,2423,2343,6137,2380,68837.17,1316969.92,0.05,19.13,73165.00
values_735,2798,37,1809,1729,4607,1766,49692.34,961844.32,0.05,19.36,53435.80
values_249,2299,37,1484,1404,3783,1441,39694.47,776190.85,0.05,19.55,43121.71
values_85,4528,37,2976,2896,7504,2933,86432.28,1643168.43,0.05,19.01,91287.13
values_79,4575,37,2971,2891,7546,2928,86897.47,1652088.95,0.05,19.01,91782.72
values_493,1687,37,1070,990,2757,1027,27581.64,551493.42,0.05,19.99,30638.52
values_525,3655,37,2374,2294,6029,2331,67444.82,1291241.86,0.05,19.15,71735.66
values_71,794,37,481,401,1275,438,11187.85,248267.12,0.05,22.19,13792.62
values_294,1375,37,863,783,2238,820,21662.68,441705.57,0.05,20.39,24539.20
values_782,1202,37,759,679,1961,716,18597.76,384595.71,0.05,20.68,21366.43
values_155,2781,37,1790,1710,4571,1747,49232.70,953415.80,0.05,19.37,52967.54
values_957,1614,37,1027,947,2641,984,26258.18,526813.42,0.05,20.06,29267.41
values_313,3409,37,2233,2153,5642,2190,62607.67,1201279.16,0.05,19.19,66737.73
values_536,2877,37,1856,1776,4733,1813,51230.76,990461.45,0.05,19.33,55025.64
values_710,1437,37,904,824,2341,861,22824.44,463247.58,0.05,20.30,25735.98
values_684,5064,37,3285,3205,8349,3242,97371.62,1846339.05,0.05,18.96,102574.39
values_437,3811,37,2472,2392,6283,2429,70659.54,1350920.61,0.05,19.12,75051.14
values_314,2138,37,1376,1296,3514,1333,36476.94,716479.16,0.05,19.64,39804.40
values_767,928,37,562,482,1490,519,13439.19,289890.58,0.05,21.57,16105.03
values_491,4958,37,3230,3150,8188,3187,95291.81,1807670.46,0.05,18.97,100426.14
values_299,408,37,221,141,629,178,4702.24,136348.18,0.03,29.00,7574.90
values_600,2409,37,1550,1470,3959,1507,41797.00,815325.81,0.05,19.51,45295.88
values_63,1142,37,717,637,1859,674,17468.29,363749.00,0.05,20.82,20208.28
values_196,2763,37,1788,1708,4551,1745,49009.77,949148.24,0.05,19.37,52730.46
values_254,2417,37,1558,1478,3975,1515,41996.28,818984.30,0.05,19.50,45499.13
values_20,3385,37,2222,2142,5607,2179,62178.55,1193264.99,0.05,19.19,66292.50
values_848,1110,37,701,621,1811,658,16954.48,354064.70,0.05,20.88,19670.26
values_375,4183,37,2753,2673,6936,2710,79098.68,1507121.31,0.05,19.05,83728.96
values_871,4483,37,2947,2867,7430,2904,85473.43,1625381.38,0.05,19.02,90298.97
values_822,2045,37,1304,1224,3349,1261,34495.88,679884.50,0.05,19.71,37771.36
values_208,872,37,530,450,1402,487,12516.74,272725.96,0.05,21.79,15151.44
values_351,4616,37,3037,2957,7653,2994,88375.76,1679184.29,0.05,19.00,93288.02
values_200,5091,37,3333,3253,8424,3290,98424.94,1865641.19,0.05,18.95,103646.73
values_225,1238,37,779,699,2017,736,19209.02,396038.42,0.05,20.62,22002.13
values_350,1867,37,1192,1112,3059,1149,31098.29,616708.23,0.05,19.83,34261.57
values_265,342,37,175,95,517,132,3641.95,124113.88,0.03,34.08,6895.22
values_679,2602,37,1676,1596,4278,1633,45660.42,887059.44,0.05,19.43,49281.08
values_918,1223,37,762,682,1985,719,18837.35,389369.64,0.05,20.67,21631.65
values_210,4385,37,2890,2810,7275,2847,83482.27,1588391.40,0.05,19.03,88243.97
values_597,2593,37,1663,1583,4256,1620,45376.53,881889.80,0.05,19.43,48993.88
values_160,552,37,312,232,864,269,6973.74,173501.93,0.04,24.88,9639.00
values_615,3118,37,2012,1932,5130,1969,56138.86,1081573.82,0.05,19.27,60087.43
values_412,470,37,263,183,733,220,5703.74,151647.71,0.04,26.59,8424.87
values_349,4158,37,2724,2644,6882,2681,78376.04,1493828.33,0.05,19.06,82990.46
values_387,4163,37,2721,2641,6884,2678,78387.70,1494100.37,0.05,19.06,83005.58
values_633,562,37,326,246,888,283,7232.46,177312.79,0.04,24.52,9850.71
values_999,4415,37,2882,2802,7297,2839,83705.11,1592757.02,0.05,19.03,88486.50
values_479,3764,37,2453,2373,6217,2410,69846.86,1335729.22,0.05,19.12,74207.18
values_419,4847,37,3190,3110,8037,3147,93388.02,1772120.31,0.05,18.98,98451.13
values_358,2975,37,1925,1845,4900,1882,53302.45,1028852.84,0.05,19.30,57158.49
values_74,3980,37,2592,2512,6572,2549,74366.88,1419602.22,0.05,19.09,78866.79
values_861,867,37,530,450,1397,487,12472.11,271753.33,0.05,21.79,15097.41
values_734,4718,37,3047,2967,7765,3004,89706.48,1704317.21,0.05,19.00,94684.29
values_127,2346,37,1506,1426,3852,1463,40502.68,791335.99,0.05,19.54,43963.11
values_885,2240,37,1438,1358,3678,1395,38420.57,752652.74,0.05,19.59,41814.04
values_180,3122,37,2034,1954,5156,1991,56506.03,1088160.48,0.05,19.26,60453.36
values_906,938,37,570,490,1508,527,13634.82,293426.93,0.05,21.52,16301.50
values_286,3004,37,1932,1852,4936,1889,53720.50,1036759.18,0.05,19.30,57597.73
values_275,1919,37,1229,1149,3148,1186,32147.02,636127.78,0.05,19.79,35340.43
values_489,749,37,438,358,1187,395,10238.72,231743.91,0.04,22.63,12874.66
values_917,386,37,201,121,587,158,4287.32,131755.35,0.03,30.73,7319.74
values_190,966,37,605,525,1571,562,14350.18,305932.25,0.05,21.32,16996.24
values_480,4582,37,3006,2926,7588,2963,87511.21,1663221.47,0.05,19.01,92401.19
values_157,596,37,345,265,941,302,7752.34,186714.35,0.04,24.08,10373.02
values_974,3542,37,2316,2236,5858,2273,65318.94,1251634.70,0.05,19.16,69535.26
values_507,538,37,310,230,848,267,6835.47,170440.96,0.04,24.93,9468.94
values_518,3102,37,2004,1924,5106,1961,55846.23,1076113.91,0.05,19.27,59784.11
values_648,1499,37,957,877,2456,914,24157.34,487678.02,0.05,20.19,27093.22
values_116,3390,37,2197,2117,5587,2154,61863.75,1187728.43,0.05,19.20,65984.91
values_195,1202,37,740,660,1942,697,18342.22,380462.08,0.05,20.74,21136.78
values_748,1708,37,1090,1010,2798,1047,28069.66,560420.57,0.05,19.97,31134.48
values_686,521,37,295,215,816,252,6509.46,165234.33,0.04,25.38,9179.68
values_253,1770,37,1128,1048,2898,1085,29221.92,581873.18,0.05,19.91,32326.29
values_231,1087,37,671,591,1758,628,16339.94,343207.93,0.05,21.00,19067.11
values_712,3217,37,2081,2001,5298,2038,58240.59,1120527.36,0.05,19.24,62251.52
values_72,524,37,299,219,823,256,6584,166298.61,0.04,25.26,9238.81
values_86,2748,37,1793,1713,4541,1750,48920.83,947301.94,0.05,19.36,52627.89
values_376,1644,37,1028,948,2672,985,26570.31,533031.90,0.05,20.06,29612.88
values_452,1038,37,639,559,1677,596,15460.55,326953.20,0.05,21.15,18164.07
values_471,4541,37,2943,2863,7484,2900,86079.75,1636973.45,0.05,19.02,90942.97
values_668,3756,37,2441,2361,6197,2398,69577.54,1330799.31,0.05,19.13,73933.29
values_921,2316,37,1500,1420,3816,1457,40101.52,783674.15,0.05,19.54,43537.45
values_490,2487,37,1621,1541,4108,1578,43642.91,849309.06,0.05,19.46,47183.84
values_154,2968,37,1920,1840,4888,1877,53153.15,1026086.95,0.05,19.30,57004.83
values_285,2635,37,1678,1598,4313,1635,46041.60,894411.35,0.05,19.43,49689.52
values_833,2550,37,1643,1563,4193,1600,44629.69,867908.96,0.05,19.45,48217.16
values_948,4795,37,3158,3078,7953,3115,92294.70,1751830.09,0.05,18.98,97323.89
values_110,2157,37,1374,1294,3531,1331,36645.76,719859.78,0.05,19.64,39992.21
values_555,354,37,189,109,543,146,3904.07,125234.84,0.03,32.08,6957.49
values_996,4596,37,3013,2933,7609,2970,87779.31,1668210.83,0.05,19.00,92678.38
values_853,3553,37,2343,2263,5896,2300,65843.10,1261158.63,0.05,19.15,70064.37
values_949,3598,37,2344,2264,5942,2301,66360.52,1271050.27,0.05,19.15,70613.90
values_774,2070,37,1318,1238,3388,1275,34951.56,688387.67,0.05,19.70,38243.76
values_587,395,37,215,135,610,172,4530.02,133467.86,0.03,29.46,7414.88
values_142,1562,37,1003,923,2565,960,25411.17,510852.70,0.05,20.10,28380.71
values_75,3418,37,2200,2120,5618,2157,62218.29,1194473.68,0.05,19.20,66359.65
values_188,2306,37,1499,1419,3805,1456,39982.16,781370.85,0.05,19.54,43409.49
values_322,3923,37,2540,2460,6463,2497,72941.29,1393297.23,0.05,19.10,77405.40
values_650,733,37,427,347,1160,384,9958.56,226707.83,0.04,22.77,12594.88
values_407,3140,37,2041,1961,5181,1998,56806.25,1093788.27,0.05,19.25,60766.01
values_236,683,37,401,321,1084,358,9196.46,212535.55,0.04,23.11,11807.53
values_790,3391,37,2215,2135,5606,2172,62141.44,1192693.53,0.05,19.19,66260.75
values_636,4520,37,2964,2884,7484,2921,86157.65,1638130.65,0.05,19.01,91007.26
values_860,3480,37,2269,2189,5749,2226,63930.25,1225933.32,0.05,19.18,68107.41
values_594,699,37,419,339,1118,376,9564.03,218689.03,0.04,22.87,12149.39
values_604,3381,37,2219,2139,5600,2176,62089.79,1191621.83,0.05,19.19,66201.21
values_413,2876,37,1856,1776,4732,1813,51219.94,990252.18,0.05,19.33,55014.01
values_191,4987,37,3288,3208,8275,3245,96519.62,1830142.03,0.05,18.96,101674.56
values_378,4789,37,3163,3083,7952,3120,92301.49,1751887.08,0.05,18.98,97327.06
values_344,801,37,476,396,1277,433,11184.25,248708.37,0.04,22.24,13817.13
values_914,2214,37,1410,1330,3624,1367,37750.47,740391.82,0.05,19.61,41132.88
values_816,841,37,515,435,1356,472,12044.86,263810.21,0.05,21.90,14656.12
values_830,2739,37,1780,1700,4519,1737,48635.20,942092.52,0.05,19.37,52338.47
values_440,1525,37,962,882,2487,919,24481.83,493994.51,0.05,20.18,27444.14
values_638,1579,37,994,914,2573,951,25455.46,512145.01,0.05,20.12,28452.50
values_713,4970,37,3264,3184,8234,3221,95953.21,1819735.83,0.05,18.96,101096.43
values_743,347,37,182,102,529,139,3765.92,124312.28,0.03,33.01,6906.24
values_446,805,37,485,405,1290,442,11336.39,251150.12,0.05,22.15,13952.78
values_359,4093,37,2658,2578,6751,2615,76641.37,1461864.28,0.05,19.07,81214.68
values_667,1140,37,720,640,1860,677,17489.60,364002.35,0.05,20.81,20222.35
values_342,545,37,319,239,864,276,7005.77,172989.64,0.04,24.69,9610.54
values_696,3391,37,2208,2128,5599,2165,62037.77,1190845.26,0.05,19.20,66158.07
values_55,3910,37,2562,2482,6472,2519,73124.77,1396412.02,0.05,19.10,77578.45
values_343,585,37,326,246,911,283,7419.78,181905.35,0.04,24.52,10105.85
values_757,5113,37,3319,3239,8432,3276,98466.53,1866623.27,0.05,18.96,103701.29
values_971,2990,37,1943,1863,4933,1900,53729.17,1036673.02,0.05,19.29,57592.95
values_14,1610,37,1032,952,2642,989,26287.44,527184.71,0.05,20.05,29288.04
values_997,2378,37,1508,1428,3886,1465,40867.84,798411.02,0.05,19.54,44356.17
values_47,1569,37,984,904,2553,941,25218.66,507832.48,0.05,20.14,28212.92
values_985,4991,37,3270,3190,8261,3227,96290.03,1826039.36,0.05,18.96,101446.63
values_177,4609,37,3013,2933,7622,2970,87929.28,1671060.97,0.05,19.00,92836.72
values_229,3502,37,2271,2191,5773,2228,64204.61,1231154.96,0.05,19.18,68397.50
values_925,3392,37,2225,2145,5617,2182,62300.59,1195546.92,0.05,19.19,66419.27
values_747,1597,37,1017,937,2614,974,25951.21,521087.59,0.05,20.08,28949.31
values_874,3796,37,2491,2411,6287,2448,70775.20,1352786.73,0.05,19.11,75154.82
values_91,2238,37,1434,1354,3672,1391,38342.68,751250.37,0.05,19.59,41736.13
values_64,3464,37,2279,2199,5743,2236,63900.66,1225169.55,0.05,19.17,68064.97
values_598,1573,37,1002,922,2575,959,25506.37,512810.86,0.05,20.11,28489.49
values_418,3764,37,2493,2413,6257,2450,70444.85,1346436.63,0.05,19.11,74802.04
values_522,3514,37,2287,2207,5801,2244,64575.90,1237958.38,0.05,19.17,68775.47
values_467,1419,37,891,811,2310,848,22471.50,456731.08,0.05,20.32,25373.95
values_130,3149,37,2044,1964,5193,2001,56949.06,1096472.43,0.05,19.25,60915.14
values_165,1960,37,1275,1195,3235,1232,33213.05,655575.67,0.05,19.74,36420.87
values_776,2154,37,1376,1296,3530,1333,36643.03,719741.44,0.05,19.64,39985.64
values_215,312,37,156,76,468,113,3191.84,121206.07,0.03,37.97,6733.67
values_753,296,37,150,70,446,107,3006.69,119193.95,0.03,39.64,6621.89
values_403,384,37,203,123,587,160,4297.97,131227.91,0.03,30.53,7290.44
values_815,4837,37,3151,3071,7988,3108,92674.95,1759149.11,0.05,18.98,97730.51
values_857,2385,37,1525,1445,3910,1482,41185.32,804111.29,0.05,19.52,44672.85
values_858,2322,37,1503,1423,3825,1460,40207.45,785655.91,0.05,19.54,43647.55
values_609,3388,37,2191,2111,5579,2148,61752.71,1185719.39,0.05,19.20,65873.30
values_327,4487,37,2922,2842,7409,2879,85139.43,1619416.62,0.05,19.02,89967.59
values_573,2247,37,1428,1348,3675,1385,38351.09,751601.67,0.05,19.60,41755.65
values_402,1960,37,1250,1170,3210,1207,32861.44,649505.04,0.05,19.76,36083.61
values_396,2095,37,1336,1256,3431,1293,35464.55,697883.69,0.05,19.68,38771.32
values_352,235,37,106,26,341,63,2038.25,153731.27,0.01,75.42,8540.63
values_360,4590,37,3020,2940,7610,2977,87816.69,1668815.75,0.05,19.00,92711.99
values_211,1503,37,958,878,2461,915,24210.40,488702.69,0.05,20.19,27150.15
values_276,4768,37,3099,3019,7867,3056,91079.63,1729623.04,0.05,18.99,96090.17
values_595,669,37,397,317,1066,354,9026.47,209132.15,0.04,23.17,11618.45
values_714,2339,37,1515,1435,3854,1472,40557.81,792149.10,0.05,19.53,44008.28
values_134,2449,37,1574,1494,4023,1531,42564.38,829606.55,0.05,19.49,46089.25
values_602,943,37,572,492,1515,529,13706.39,294798.88,0.05,21.51,16377.72
values_658,2529,37,1623,1543,4152,1580,44117.94,858498.57,0.05,19.46,47694.37
values_226,1838,37,1163,1083,3001,1120,30397.98,603903.70,0.05,19.87,33550.21
values_11,620,37,364,284,984,321,8193.21,194271.31,0.04,23.71,10792.85
values_501,3824,37,2501,2421,6325,2458,71240.18,1361493.66,0.05,19.11,75638.54
values_979,2368,37,1533,1453,3901,1490,41120.82,802620.07,0.05,19.52,44590.00
values_617,2867,37,1876,1796,4743,1833,51414.08,993528.38,0.05,19.32,55196.02
values_722,3069,37,2000,1920,5069,1957,55426.62,1068117.07,0.05,19.27,59339.84
values_751,5060,37,3323,3243,8383,3280,97909.08,1856000.54,0.05,18.96,103111.14
values_556,3124,37,2028,1948,5152,1985,56439.76,1087015.96,0.05,19.26,60389.78
values_356,4486,37,2922,2842,7408,2879,85127.94,1619198.05,0.05,19.02,89955.45
values_958,3584,37,2335,2255,5919,2292,66070.19,1265661.74,0.05,19.16,70314.54
values_611,1805,37,1161,1081,2966,1118,30035.81,596784.50,0.05,19.87,33154.69
values_780,871,37,541,461,1412,498,12651.52,274669.77,0.05,21.71,15259.43
values_938,3296,37,2150,2070,5446,2107,60129.15,1155380.12,0.05,19.21,64187.78
values_464,1437,37,896,816,2333,853,22715.03,461426.80,0.05,20.31,25634.82
values_704,3446,37,2258,2178,5704,2215,63389.07,1215772.11,0.05,19.18,67542.90
values_709,4534,37,2982,2902,7516,2939,86592.66,1646125.87,0.05,19.01,91451.44
values_649,1223,37,762,682,1985,719,18837.35,389369.64,0.05,20.67,21631.65
values_306,2557,37,1660,1580,4217,1617,44949.44,873669.21,0.05,19.44,48537.18
values_754,4124,37,2679,2599,6803,2636,77310.21,1474263.13,0.05,19.07,81903.51
values_593,457,37,248,168,705,205,5414.03,147854.68,0.04,27.31,8214.15
values_740,1306,37,823,743,2129,780,20454.01,419141.95,0.05,20.49,23285.66
values_791,4449,37,2913,2833,7362,2870,84566.08,1608651.01,0.05,19.02,89369.50
values_482,2732,37,1779,1699,4511,1736,48545.36,940377.01,0.05,19.37,52243.17
values_567,3253,37,2126,2046,5379,2083,59300.50,1139955.04,0.05,19.22,63330.84
values_295,3014,37,1956,1876,4970,1913,54181.06,1045093.67,0.05,19.29,58060.76
values_311,1000,37,615,535,1615,572,14793.19,314597.28,0.05,21.27,17477.63
values_389,3871,37,2558,2478,6429,2515,72624.19,1386922.68,0.05,19.10,77051.26
values_212,1676,37,1066,986,2742,1023,27416.13,548350.50,0.05,20.00,30463.92
values_895,943,37,587,507,1530,544,13903.82,297807.72,0.05,21.42,16544.87
values_162,2925,37,1896,1816,4821,1853,52335.07,1010850.82,0.05,19.31,56158.38
values_975,5143,37,3379,3299,8522,3336,99740.67,1889948.06,0.05,18.95,104997.11
values_49,4405,37,2873,2793,7278,2830,83453.82,1588117.44,0.05,19.03,88228.75
values_502,835,37,508,428,1343,465,11900.44,261309.19,0.05,21.96,14517.18
values_908,2252,37,1453,1373,3705,1410,38759.78,758836.35,0.05,19.58,42157.57
values_606,4362,37,2894,2814,7256,2851,83278.94,1584460.31,0.05,19.03,88025.57
values_141,3872,37,2548,2468,6420,2505,72485.62,1384451.83,0.05,19.10,76913.99
values_865,2080,37,1343,1263,3423,1300,35408.52,696549.89,0.05,19.67,38697.22
values_347,3235,37,2099,2019,5334,2056,58704.00,1129056.18,0.05,19.23,62725.34
values_889,2317,37,1491,1411,3808,1448,39983.41,781631.80,0.05,19.55,43423.99
values_698,2508,37,1621,1541,4129,1578,43866.01,853650.71,0.05,19.46,47425.04
values_432,3524,37,2297,2217,5821,2254,64835.88,1242746.19,0.05,19.17,69041.46
values_994,890,37,546,466,1436,503,12887.26,279343.79,0.05,21.68,15519.10
values_953,2159,37,1385,1305,3544,1342,36822.76,722981.71,0.05,19.63,40165.65
values_301,3921,37,2582,2502,6503,2539,73549.22,1404166.91,0.05,19.09,78009.27
values_801,2816,37,1811,1731,4627,1768,49915.63,966116.78,0.05,19.35,53673.15
values_465,1245,37,778,698,2023,735,19262.20,397193.14,0.05,20.62,22066.29
values_62,1124,37,695,615,1819,652,17005.34,355522.14,0.05,20.91,19751.23
values_394,2904,37,1872,1792,4776,1829,51756.74,1000245.30,0.05,19.33,55569.18
values_570,2792,37,1803,1723,4595,1760,49540.35,959049.96,0.05,19.36,53280.55
values_331,935,37,581,501,1516,538,13752.34,295043.90,0.05,21.45,16391.33
values_80,2830,37,1813,1733,4643,1770,50095.80,969554.72,0.05,19.35,53864.15
values_319,4318,37,2848,2768,7166,2805,82077.82,1562325.28,0.05,19.03,86795.85
values_261,3320,37,2158,2078,5478,2115,60512.41,1162577.91,0.05,19.21,64587.66
values_697,3923,37,2606,2526,6529,2563,73931.90,1411057.34,0.05,19.09,78392.07
values_961,3108,37,2001,1921,5109,1958,55867.76,1076595.84,0.05,19.27,59810.88
values_685,651,37,386,306,1037,343,8733.68,203814.44,0.04,23.34,11323.02
values_884,2880,37,1841,1761,4721,1798,51044.29,987218.58,0.05,19.34,54845.48
values_383,3929,37,2574,2494,6503,2531,73519.61,1403741.16,0.05,19.09,77985.62
values_809,2211,37,1438,1358,3649,1395,38117.63,746718.28,0.05,19.59,41484.35
values_652,3407,37,2220,2140,5627,2177,62392.88,1197418.56,0.05,19.19,66523.25
values_761,4518,37,2951,2871,7469,2908,85936.91,1634133.23,0.05,19.02,90785.18
values_123,1083,37,678,598,1761,635,16395.99,343904.50,0.05,20.97,19105.81
values_945,456,37,255,175,711,212,5494.55,148117.41,0.04,26.96,8228.74
values_677,814,37,498,418,1312,455,11584.60,255332.26,0.05,22.04,14185.13
values_772,865,37,524,444,1389,481,12375.84,270205.87,0.05,21.83,15011.44
values_759,1531,37,952,872,2483,909,24403.26,492878.75,0.05,20.20,27382.15
values_150,1480,37,935,855,2415,892,23669.17,478850.91,0.05,20.23,26602.83
values_369,2698,37,1749,1669,4447,1706,47744.78,925616.51,0.05,19.39,51423.14
values_558,4199,37,2767,2687,6966,2724,79492.59,1514397.36,0.05,19.05,84133.19
values_750,1307,37,815,735,2122,772,20355.19,417558.41,0.05,20.51,23197.69
values_496,1532,37,964,884,2496,921,24578.26,495846.83,0.05,20.17,27547.05
values_460,4596,37,3012,2932,7608,2969,87764.07,1667936.44,0.05,19.00,92663.14
values_788,1703,37,1085,1005,2788,1042,27950.09,558236.98,0.05,19.97,31013.17
values_509,2556,37,1644,1564,4200,1601,44707.98,869404.45,0.05,19.45,48300.25
values_167,348,37,175,95,523,132,3684.22,125554.28,0.03,34.08,6975.24
values_135,4728,37,3095,3015,7823,3052,90555.44,1719727.47,0.05,18.99,95540.41
values_273,300,37,147,67,447,104,2995.10,121569.63,0.02,40.59,6753.87
values_768,1953,37,1252,1172,3205,1209,32817.91,648573.81,0.05,19.76,36031.88
values_528,1102,37,681,601,1783,638,16612.95,348249.93,0.05,20.96,19347.22
values_39,3317,37,2130,2050,5447,2087,60065.24,1154571.10,0.05,19.22,64142.84
values_981,2331,37,1498,1418,3829,1455,40230.55,786254.75,0.05,19.54,43680.82
values_506,4948,37,3260,3179,8208,3216,95631.83,1814267.32,0.05,18.97,100792.63
values_520,528,37,304,224,832,261,6679.22,167696.08,0.04,25.11,9316.45
values_228,1027,37,627,547,1654,584,15199.97,322325.50,0.05,21.21,17906.97
values_875,4380,37,2849,2769,7229,2806,82803.13,1576115.26,0.05,19.03,87561.96
values_745,4702,37,3082,3002,7784,3039,90056.06,1710435.19,0.05,18.99,95024.18
values_680,4065,37,2671,2591,6736,2628,76519.27,1459314.97,0.05,19.07,81073.05
values_523,1109,37,691,611,1800,648,16811.73,351739.36,0.05,20.92,19541.08
values_90,3941,37,2578,2498,6519,2535,73715.35,1407408.46,0.05,19.09,78189.36
values_386,2795,37,1824,1744,4619,1781,49878.14,965073.39,0.05,19.35,53615.19
values_898,4149,37,2709,2629,6858,2666,78047.20,1487810.04,0.05,19.06,82656.11
values_401,1060,37,658,578,1718,615,15916.31,335206.35,0.05,21.06,18622.58
values_915,1865,37,1201,1121,3066,1158,31203.97,618470.45,0.05,19.82,34359.47
values_899,4064,37,2671,2591,6735,2628,76507.91,1459098.33,0.05,19.07,81061.02
values_475,1377,37,870,790,2247,827,21777.35,443679.00,0.05,20.37,24648.83
values_187,1655,37,1039,959,2694,996,26832.25,537806.05,0.05,20.04,29878.11
values_397,3416,37,2249,2169,5665,2206,62922.38,1206998.71,0.05,19.18,67055.48
values_53,1170,37,726,646,1896,683,17852.25,371166.44,0.05,20.79,20620.36
values_571,681,37,407,327,1088,364,9256.48,213139.66,0.04,23.03,11841.09
values_828,461,37,255,175,716,212,5533.19,149159.02,0.04,26.96,8286.61
values_251,1965,37,1276,1196,3241,1233,33278.45,656831.99,0.05,19.74,36490.67
values_977,3140,37,2052,1972,5192,2009,56967.98,1096662.57,0.05,19.25,60925.70
values_148,4734,37,3124,3044,7858,3081,91067.80,1729031.68,0.05,18.99,96057.32
values_661,1927,37,1231,1151,3158,1188,32256.82,638228.22,0.05,19.79,35457.12
values_94,4567,37,2980,2900,7547,2937,86942.40,1652805.05,0.05,19.01,91822.50
values_136,3002,37,1949,1869,4951,1906,53947.74,1040752.68,0.05,19.29,57819.59
values_508,2513,37,1614,1534,4127,1571,43818.29,852914.13,0.05,19.46,47384.12
values_504,4083,37,2683,2603,6766,2640,76904.54,1466459.89,0.05,19.07,81469.99
values_890,877,37,528,448,1405,485,12535.19,273311.83,0.05,21.80,15183.99
values_725,2148,37,1398,1318,3546,1355,36892.86,723945.35,0.05,19.62,40219.19
values_987,1212,37,751,671,1963,708,18584.91,384812.88,0.05,20.71,21378.49
values_193,3414,37,2218,2138,5632,2175,62440.86,1198379.62,0.05,19.19,66576.65
values_956,1645,37,1047,967,2692,1004,26843.40,537686.81,0.05,20.03,29871.49
values_851,3956,37,2583,2503,6539,2540,73960.10,1411993.69,0.05,19.09,78444.09
values_338,2724,37,1769,1689,4493,1726,48314.20,936148.47,0.05,19.38,52008.25
values_980,4827,37,3174,3094,8001,3131,92910.87,1763294.65,0.05,18.98,97960.81
values_575,3180,37,2069,1989,5249,2026,57657.21,1109560.73,0.05,19.24,61642.26
values_619,3250,37,2124,2044,5374,2081,59237.93,1138794.16,0.05,19.22,63266.34
values_703,1163,37,740,660,1903,697,17973.86,372821.50,0.05,20.74,20712.31
values_715,2760,37,1800,1720,4560,1757,49151.78,951601.26,0.05,19.36,52866.74
values_170,1574,37,990,910,2564,947,25350.83,510220.35,0.05,20.13,28345.57
values_181,2072,37,1323,1243,3395,1280,35042.95,690019.00,0.05,19.69,38334.39
values_557,3810,37,2486,2406,6296,2443,70857.94,1354458.70,0.05,19.12,75247.71
values_456,242,37,109,29,351,66,2121.58,147523.13,0.01,69.53,8195.73
values_256,1132,37,695,615,1827,652,17080.13,357085.73,0.05,20.91,19838.10
values_737,1129,37,710,630,1839,667,17252.66,359704.22,0.05,20.85,19983.57
values_183,798,37,488,408,1286,445,11313.79,250345.39,0.05,22.13,13908.08
values_727,981,37,601,521,1582,558,14434.36,308039.21,0.05,21.34,17113.29
values_826,1597,37,1009,929,2606,966,25840.78,519221.69,0.05,20.09,28845.65
values_805,4504,37,2931,2851,7435,2888,85471.68,1625595.85,0.05,19.02,90310.88
values_947,2996,37,1969,1889,4965,1926,54175.06,1044683.89,0.05,19.28,58037.99
values_281,1516,37,966,886,2482,923,24448.16,493129.95,0.05,20.17,27396.11
values_760,1637,37,1049,969,2686,1006,26791.28,536558.23,0.05,20.03,29808.79
values_426,1108,37,689,609,1797,646,16775.70,351118.91,0.05,20.93,19506.61
values_618,1025,37,635,555,1660,592,15287.69,323589.49,0.05,21.17,17977.19
values_7,1173,37,730,650,1903,687,17934.19,372617.25,0.05,20.78,20700.96
values_31,3197,37,2078,1998,5275,2035,57976.54,1115511.56,0.05,19.24,61972.86
values_293,549,37,308,228,857,265,6898.72,172407.49,0.04,24.99,9578.19
values_93,2412,37,1561,1481,3973,1518,41986.49,818708.19,0.05,19.50,45483.79
values_477,3913,37,2566,2486,6479,2523,73218.69,1398135.33,0.05,19.10,77674.18
values_100,359,37,192,112,551,149,3977.76,126151.88,0.03,31.71,7008.44
values_364,1121,37,690,610,1811,647,16910.43,353871.61,0.05,20.93,19659.53
values_909,4626,37,3023,2943,7649,2980,88277.85,1677534.08,0.05,19.00,93196.34
values_541,1457,37,914,834,2371,871,23156.44,469487.10,0.05,20.27,26082.62
values_990,4957,37,3281,3201,8238,3238,96062.39,1821569.18,0.05,18.96,101198.29
values_252,4931,37,3244,3164,8175,3201,95192.21,1805583.20,0.05,18.97,100310.18
values_835,4005,37,2622,2542,6627,2579,75101.11,1433095.89,0.05,19.08,79616.44
values_421,3073,37,2002,1922,5075,1959,55499.70,1069480.97,0.05,19.27,59415.61
values_781,3042,37,1974,1894,5016,1931,54750.30,1055663.34,0.05,19.28,58647.96
values_866,2534,37,1637,1557,4171,1594,44372.92,863077.44,0.05,19.45,47948.75
values_186,2604,37,1693,1613,4297,1650,45927.41,891797.58,0.05,19.42,49544.31
values_330,553,37,319,239,872,276,7070.63,174591.39,0.04,24.69,9699.52
values_643,1729,37,1096,1016,2825,1053,28363.82,566048.01,0.05,19.96,31447.11
values_108,2964,37,1922,1842,4886,1879,53138.91,1025765.62,0.05,19.30,56986.98
values_527,319,37,164,84,483,121,3341.81,120703.03,0.03,36.12,6705.72
values_473,2754,37,1805,1725,4559,1762,49159.69,951631.83,0.05,19.36,52868.44
values_474,4368,37,2851,2771,7219,2808,82696.01,1574044.34,0.05,19.03,87446.91
values_439,2504,37,1600,1520,4104,1557,43521.09,847515.89,0.05,19.47,47084.22
values_855,4299,37,2807,2727,7106,2764,81239.64,1547023.85,0.05,19.04,85945.77
values_280,1254,37,775,695,2029,732,19307.35,398301.01,0.05,20.63,22127.83
values_626,2371,37,1549,1469,3920,1506,41381.50,807249.19,0.05,19.51,44847.18
values_38,1484,37,936,856,2420,893,23722.09,479873.49,0.05,20.23,26659.64
values_670,3877,37,2571,2491,6448,2528,72886.78,1391710.27,0.05,19.09,77317.24
values_266,1451,37,925,845,2376,882,23248.29,470812.31,0.05,20.25,26156.24
values_551,3594,37,2316,2236,5910,2273,65898.76,1262745.15,0.05,19.16,70152.51
values_554,3457,37,2255,2175,5712,2212,63466.81,1217322.54,0.05,19.18,67629.03
values_445,3334,37,2153,2073,5487,2110,60593.09,1164232.08,0.05,19.21,64679.56
values_58,3625,37,2372,2292,5997,2329,67079.41,1284283.95,0.05,19.15,71349.11
values_599,3850,37,2511,2431,6361,2468,71682.91,1369774.69,0.05,19.11,76098.59
values_978,3651,37,2368,2288,6019,2325,67310.57,1288785.55,0.05,19.15,71599.20
values_517,4019,37,2653,2573,6672,2610,75726.09,1444490.68,0.05,19.08,80249.48
values_705,2741,37,1794,1714,4535,1751,48859.92,946098.02,0.05,19.36,52561.00
values_78,3105,37,1994,1914,5099,1951,55732.06,1074137.91,0.05,19.27,59674.33
values_758,1808,37,1166,1086,2974,1123,30135.96,598584.62,0.05,19.86,33254.70
values_50,3199,37,2071,1991,5270,2028,57895.39,1114100.91,0.05,19.24,61894.49
values_837,4279,37,2779,2699,7058,2736,80587.20,1535053.35,0.05,19.05,85280.74
values_448,2322,37,1506,1426,3828,1463,40250.33,786405.55,0.05,19.54,43689.20
values_738,2870,37,1851,1771,4721,1808,51082.06,987706.77,0.05,19.34,54872.60
values_580,3608,37,2344,2264,5952,2301,66472.21,1273189.36,0.05,19.15,70732.74
values_832,2328,37,1517,1437,3845,1474,40470.63,790388.26,0.05,19.53,43910.46
values_339,5121,37,3356,3276,8477,3313,99129.38,1878677.27,0.05,18.95,104370.96
values_462,3395,37,2215,2135,5610,2172,62185.78,1193544.54,0.05,19.19,66308.03
values_414,1902,37,1202,1122,3104,1159,31594.58,626175.20,0.05,19.82,34787.51
values_631,2013,37,1289,1209,3302,1246,33954.76,669728.81,0.05,19.72,37207.16
values_521,3846,37,2482,2402,6328,2439,71203.12,1361129.84,0.05,19.12,75618.32
values_374,3551,37,2332,2252,5883,2289,65657.23,1257808.30,0.05,19.16,69878.24
values_370,3282,37,2139,2059,5421,2096,59812.19,1149518.17,0.05,19.22,63862.12
values_941,1008,37,633,553,1641,590,15104.70,319861.85,0.05,21.18,17770.10
values_227,254,37,118,38,372,75,2317.12,133112.48,0.02,57.45,7395.14
values_469,2129,37,1380,1300,3509,1337,36440.21,715629.59,0.05,19.64,39757.20
values_250,2204,37,1418,1338,3622,1375,37760.13,740330.00,0.05,19.61,41129.44
values_470,2869,37,1866,1786,4735,1823,51289.99,991367.12,0.05,19.33,55075.95
values_245,3318,37,2150,2070,5468,2107,60372.05,1160047.47,0.05,19.21,64447.08
values_296,2534,37,1645,1565,4179,1602,44488.21,865103.74,0.05,19.45,48061.32
values_881,3572,37,2321,2241,5893,2278,65727.88,1259373.79,0.05,19.16,69965.21
values_530,342,37,178,98,520,135,3679.94,123653.63,0.03,33.60,6869.65
values_534,3058,37,1996,1916,5054,1953,55247.68,1064757.76,0.05,19.27,59153.21
values_3,425,37,235,155,660,192,5006.08,140412.34,0.04,28.05,7800.69
values_114,4615,37,3018,2938,7633,2975,88074.70,1673749.02,0.05,19.00,92986.06
values_367,4366,37,2852,2772,7218,2809,82688.26,1573880.94,0.05,19.03,87437.83
values_545,2463,37,1593,1513,4056,1550,42985.70,837283.61,0.05,19.48,46515.76
values_304,1999,37,1292,1212,3291,1249,33853.06,667620.36,0.05,19.72,37090.02
values_13,3839,37,2518,2438,6357,2475,71663.81,1369284.43,0.05,19.11,76071.36
values_535,1658,37,1060,980,2718,1017,27153.10,543339.12,0.05,20.01,30185.51
values_83,2423,37,1554,1474,3977,1511,42002.24,819214.69,0.05,19.50,45511.93
values_820,2861,37,1834,1754,4695,1791,50736.75,981440.82,0.05,19.34,54524.49
values_216,720,37,436,356,1156,393,9962.85,225731.40,0.04,22.66,12540.63
values_149,396,37,215,135,611,172,4537.45,133686.66,0.03,29.46,7427.04
values_1,1100,37,684,604,1784,641,16634.34,348494.89,0.05,20.95,19360.83
values_194,3508,37,2323,2243,5831,2280,65043.74,1246227.12,0.05,19.16,69234.84
values_607,4404,37,2884,2804,7288,2841,83609.27,1590901.93,0.05,19.03,88383.44
values_950,1242,37,762,682,2004,719,19017.66,393096.61,0.05,20.67,21838.70
values_282,4669,37,3058,2978,7727,3015,89308.22,1696586.28,0.05,19.00,94254.79
values_547,3931,37,2553,2473,6484,2510,73226.87,1398520.70,0.05,19.10,77695.59
values_223,3097,37,2004,1924,5101,1961,55791.54,1075060.13,0.05,19.27,59725.56
values_660,526,37,300,220,826,257,6612.65,166819.02,0.04,25.23,9267.72
values_21,1373,37,878,798,2251,835,21847.38,444695.45,0.05,20.35,24705.30
values_217,1378,37,883,803,2261,840,21963.91,446813.75,0.05,20.34,24822.99
values_32,4319,37,2829,2749,7148,2786,81801.57,1557369.10,0.05,19.04,86520.51
values_336,2057,37,1317,1237,3374,1274,34803.31,685501.50,0.05,19.70,38083.42
values_305,4602,37,3005,2925,7607,2962,87726.63,1667330.86,0.05,19.01,92629.49
values_688,4702,37,3080,3000,7782,3037,90025.53,1709884.93,0.05,18.99,94993.61
values_453,4110,37,2696,2616,6806,2653,77407.42,1475830.49,0.05,19.07,81990.58
values_859,757,37,441,361,1198,398,10346.68,233832.02,0.04,22.60,12990.67
values_391,328,37,168,88,496,125,3455.03,122025.34,0.03,35.32,6779.19
values_888,1257,37,799,719,2056,756,19659.97,404177.82,0.05,20.56,22454.32
values_168,4162,37,2732,2652,6894,2689,78542.34,1496865.28,0.05,19.06,83159.18
values_910,2545,37,1631,1551,4176,1588,44403.39,863833.41,0.05,19.45,47990.75
values_185,2245,37,1445,1365,3690,1402,38572.57,755414.79,0.05,19.58,41967.49
values_156,3265,37,2103,2023,5368,2060,59093.24,1136456.86,0.05,19.23,63136.49
values_22,3920,37,2555,2475,6475,2512,73132.67,1396686.24,0.05,19.10,77593.68
values_919,2051,37,1309,1229,3360,1266,34628.37,682325.35,0.05,19.70,37906.96
values_807,4075,37,2658,2578,6733,2615,76437.02,1457966.55,0.05,19.07,80998.14
values_179,2455,37,1568,1488,4023,1525,42541.59,829332.28,0.05,19.49,46074.02
values_799,2252,37,1433,1353,3685,1390,38474.60,753866.19,0.05,19.59,41881.46
values_173,2912,37,1881,1801,4793,1838,51974.91,1004247.10,0.05,19.32,55791.51
values_332,246,37,111,31,357,68,2173.22,143958.58,0.02,66.24,7997.70
values_729,3750,37,2471,2391,6221,2428,69958.58,1337537.31,0.05,19.12,74307.63
values_121,3680,37,2392,2312,6072,2349,67993.23,1301399.83,0.05,19.14,72299.99
values_942,2521,37,1633,1553,4154,1590,44177.01,859375.02,0.05,19.45,47743.06
values_312,1926,37,1229,1149,3155,1186,32218.51,637542.30,0.05,19.79,35419.02
values_9,2769,37,1817,1737,4586,1774,49495.74,957843.65,0.05,19.35,53213.54
values_911,4727,37,3108,3028,7835,3065,90742.40,1723086.60,0.05,18.99,95727.03
values_802,2015,37,1312,1232,3327,1269,34299.63,675747.21,0.05,19.70,37541.51
values_813,1609,37,1030,950,2639,987,26249.89,526517.44,0.05,20.06,29250.97
values_711,2963,37,1923,1843,4886,1880,53142.66,1025814.85,0.05,19.30,56989.71
values_931,2726,37,1778,1698,4504,1735,48466.28,938870.10,0.05,19.37,52159.45
values_778,2087,37,1330,1250,3417,1287,35296.91,694784.46,0.05,19.68,38599.14
values_897,2070,37,1328,1248,3398,1285,35093.02,690837.67,0.05,19.69,38379.87
values_699,3727,37,2438,2358,6165,2395,69207.12,1323769.57,0.05,19.13,73542.75
values_877,1174,37,726,646,1900,683,17889.91,371949.49,0.05,20.79,20663.86
values_288,463,37,253,173,716,210,5523.40,149435.10,0.04,27.05,8301.95
values_126,2872,37,1867,1787,4739,1824,51337.07,992253.26,0.05,19.33,55125.18
values_586,2788,37,1808,1728,4596,1765,49569.94,959499.62,0.05,19.36,53305.53
values_259,3543,37,2298,2218,5841,2255,65062.38,1247068.13,0.05,19.17,69281.56
values_106,351,37,179,99,530,136,3756.36,125648.19,0.03,33.45,6980.45
values_405,1957,37,1256,1176,3213,1213,32915.14,650353.93,0.05,19.76,36130.77
values_867,2436,37,1578,1498,4014,1535,42484.27,827932.74,0.05,19.49,45996.26
values_838,3615,37,2376,2296,5991,2333,67027.13,1283207.58,0.05,19.14,71289.31
values_964,5022,37,3275,3195,8297,3232,96728.18,1834278.14,0.05,18.96,101904.34
values_219,3419,37,2241,2161,5660,2198,62837.18,1205523.06,0.05,19.18,66973.50
values_6,4030,37,2660,2580,6690,2617,75956.24,1448762.26,0.05,19.07,80486.79
values_272,2787,37,1808,1728,4595,1765,49559.15,959290.85,0.05,19.36,53293.94
values_581,1094,37,676,596,1770,633,16471.73,345629.94,0.05,20.98,19201.66
values_113,4201,37,2738,2658,6939,2695,79077.33,1506961.56,0.05,19.06,83720.09
values_409,4051,37,2676,2596,6727,2633,76435.48,1457632.89,0.05,19.07,80979.61
values_76,2641,37,1712,1632,4353,1669,46597.86,904318.20,0.05,19.41,50239.90
values_962,2513,37,1623,1543,4136,1580,43947.93,855190.30,0.05,19.46,47510.57
values_724,3882,37,2565,2485,6447,2522,72853.37,1391176.93,0.05,19.10,77287.61
values_197,4248,37,2770,2690,7018,2727,80097.13,1525865.19,0.05,19.05,84770.29
values_18,280,37,132,52,412,89,2668.00,125293.49,0.02,46.96,6960.75
values_590,5168,37,3379,3299,8547,3336,100033.26,1895492.38,0.05,18.95,105305.13
values_537,1313,37,827,747,2140,784,20575.48,421411.70,0.05,20.48,23411.76
values_627,519,37,298,218,817,255,6531.39,165172.18,0.04,25.29,9176.23
values_657,3675,37,2369,2289,6044,2326,67593.89,1294191.23,0.05,19.15,71899.51
values_624,1781,37,1134,1054,2915,1091,29416.53,585511.83,0.05,19.90,32528.44
values_514,4132,37,2693,2613,6825,2650,77612.38,1479788.50,0.05,19.07,82210.47
values_864,611,37,349,269,960,306,7927.09,190264.95,0.04,24.00,10570.28
values_591,1693,37,1075,995,2768,1032,27711.08,553873.41,0.05,19.99,30770.75
values_923,350,37,182,102,532,139,3787.28,125017.26,0.03,33.01,6945.40
values_783,2301,37,1508,1428,3809,1465,40058.05,782590.73,0.05,19.54,43477.26
values_612,400,37,213,133,613,170,4541.96,134568.27,0.03,29.63,7476.02
values_169,726,37,429,349,1155,386,9924.29,225685.13,0.04,22.74,12538.06
values_408,3769,37,2483,2403,6252,2440,70351.66,1344835.15,0.05,19.12,74713.06
values_601,2163,37,1376,1296,3539,1333,36736.45,721576.48,0.05,19.64,40087.58
values_120,1478,37,948,868,2426,905,23827.62,481438.78,0.05,20.21,26746.60
values_576,2302,37,1495,1415,3797,1452,39883.03,779551.10,0.05,19.55,43308.39
values_845,3853,37,2508,2428,6361,2465,71671.75,1369615.32,0.05,19.11,76089.74
values_415,1509,37,941,861,2450,898,24035.90,485980.23,0.05,20.22,26998.90
values_213,5005,37,3259,3179,8264,3216,96284.29,1826085.04,0.05,18.97,101449.17
values_246,3366,37,2183,2103,5549,2140,61390.78,1178933.58,0.05,19.20,65496.31
values_893,433,37,246,166,679,203,5204.76,142692.03,0.04,27.42,7927.33
values_159,2443,37,1591,1511,4034,1548,42745.03,832651.11,0.05,19.48,46258.39
values_363,4948,37,3255,3175,8203,3212,95558.85,1812382.66,0.05,18.97,100687.93
values_308,401,37,215,135,616,172,4574.58,134780.65,0.03,29.46,7487.81
values_967,2800,37,1815,1735,4615,1772,49801.22,963804.24,0.05,19.35,53544.68
values_622,1265,37,789,709,2054,746,19601.39,403542.53,0.05,20.59,22419.03
values_277,4058,37,2631,2551,6689,2588,75837.35,1446989.18,0.05,19.08,80388.29
values_436,2445,37,1573,1493,4018,1530,42507.69,828529.86,0.05,19.49,46029.44
values_516,4436,37,2899,2819,7335,2856,84204.19,1601985.43,0.05,19.03,88999.19
values_278,3658,37,2369,2289,6027,2326,67403.77,1290551.05,0.05,19.15,71697.28
values_894,2826,37,1842,1762,4668,1799,50474.99,976183.98,0.05,19.34,54232.44
values_730,4916,37,3241,3161,8157,3198,94971.58,1801440.47,0.05,18.97,100080.03
values_731,3014,37,1950,1870,4964,1907,54093.15,1043534.97,0.05,19.29,57974.17
values_666,2179,37,1376,1296,3555,1333,36902.54,724838.76,0.05,19.64,40268.82
values_271,3012,37,1943,1863,4955,1900,53968.79,1041296.34,0.05,19.29,57849.80
values_392,1570,37,992,912,2562,949,25338.86,509888.93,0.05,20.12,28327.16
values_16,4916,37,3221,3141,8137,3178,94665.07,1795908.83,0.05,18.97,99772.71
values_283,480,37,270,190,750,227,5869.91,154316.88,0.04,26.29,8573.16
values_485,962,37,592,512,1554,549,14142.43,302515.40,0.05,21.39,16806.41
values_434,1816,37,1162,1082,2978,1119,30161.17,599237.16,0.05,19.87,33290.95
values_321,3929,37,2562,2482,6491,2519,73339.44,1400511.50,0.05,19.10,77806.19
values_653,3701,37,2392,2312,6093,2349,68228.38,1305900.72,0.05,19.14,72550.04
values_122,2647,37,1708,1628,4355,1665,46604.19,904544.95,0.05,19.41,50252.50
values_40,2365,37,1557,1477,3922,1514,41432.59,808019.74,0.05,19.50,44889.99
values_269,649,37,382,302,1031,339,8665.70,202783.14,0.04,23.40,11265.73
values_131,2200,37,1409,1329,3609,1366,37590.41,737284.03,0.05,19.61,40960.22
values_461,942,37,571,491,1513,528,13684.17,294404.71,0.05,21.51,16355.82
values_651,643,37,373,293,1016,330,8500.18,200189.47,0.04,23.55,11121.64
values_214,2728,37,1763,1683,4491,1720,48270.13,935445.37,0.05,19.38,51969.19
values_2,1837,37,1159,1079,2996,1116,30331.87,602743.96,0.05,19.87,33485.78
values_287,351,37,185,105,536,142,3832.26,124913.57,0.03,32.60,6939.64
values_785,4439,37,2885,2805,7324,2842,84025.99,1598815.34,0.05,19.03,88823.07
values_723,2543,37,1623,1543,4166,1580,44266.70,861393.32,0.05,19.46,47855.18
values_390,2786,37,1794,1714,4580,1751,49344.75,955485.99,0.05,19.36,53082.55
values_823,1780,37,1131,1051,2911,1088,29364.60,584595.91,0.05,19.91,32477.55
values_442,4530,37,2957,2877,7487,2914,86166.27,1638402.14,0.05,19.01,91022.34
values_182,2660,37,1707,1627,4367,1664,46728.82,906990.03,0.05,19.41,50388.34
values_291,1389,37,866,786,2255,823,21839.11,445145.49,0.05,20.38,24730.30
values_656,2095,37,1366,1286,3461,1323,35889.18,705253.01,0.05,19.65,39180.72
values_224,2264,37,1456,1376,3720,1413,38928.11,762040.39,0.05,19.58,42335.58
values_247,5054,37,3283,3203,8337,3240,97224.24,1843572.61,0.05,18.96,102420.70
values_578,2577,37,1657,1577,4234,1614,45119.30,877051.15,0.05,19.44,48725.06
values_60,1831,37,1173,1093,3004,1130,30466.89,604891.80,0.05,19.85,33605.10
values_546,4284,37,2796,2716,7080,2753,80901.67,1540765.66,0.05,19.04,85598.09
values_642,5011,37,3308,3228,8319,3265,97106.58,1840994.01,0.05,18.96,102277.44
values_796,3666,37,2399,2319,6065,2356,67940.88,1300266.58,0.05,19.14,72237.03
values_616,3142,37,2040,1960,5182,1997,56813.47,1093949.19,0.05,19.26,60774.96
values_505,1552,37,984,904,2536,941,25050.74,504450.91,0.05,20.14,28025.05
values_538,389,37,206,126,595,163,4372.49,132250.57,0.03,30.25,7347.25
values_863,1093,37,681,601,1774,638,16529.09,346492.08,0.05,20.96,19249.56
values_550,675,37,400,320,1075,357,9115.76,210802.04,0.04,23.12,11711.22
values_99,1785,37,1140,1060,2925,1097,29540.59,587746.31,0.05,19.90,32652.57
values_678,2513,37,1623,1543,4136,1580,43947.93,855190.30,0.05,19.46,47510.57
values_779,2836,37,1851,1771,4687,1808,50714.18,980593.44,0.05,19.34,54477.41
values_733,2005,37,1284,1204,3289,1241,33802.00,666887.60,0.05,19.73,37049.31
values_628,4009,37,2642,2562,6651,2599,75447.22,1439357.46,0.05,19.08,79964.30
values_883,4672,37,3061,2981,7733,3018,89388.66,1698069.74,0.05,19.00,94337.21
values_298,756,37,450,370,1206,407,10454.68,235230.19,0.04,22.50,13068.34
values_901,4182,37,2776,2696,6958,2733,79434.40,1513142.91,0.05,19.05,84063.50
values_385,1783,37,1146,1066,2929,1103,29604.04,588776.01,0.05,19.89,32709.78
values_48,1608,37,1033,953,2641,990,26281.34,527019.52,0.05,20.05,29278.86
values_128,890,37,549,469,1439,506,12926.53,279932.36,0.05,21.66,15551.80
values_676,2555,37,1637,1557,4192,1594,44596.32,867422.84,0.05,19.45,48190.16
values_220,579,37,331,251,910,288,7434.63,181378.36,0.04,24.40,10076.58
values_836,955,37,572,492,1527,529,13814.96,297133.92,0.05,21.51,16507.44
values_766,4313,37,2816,2736,7129,2773,81536.03,1552522.23,0.05,19.04,86251.24
values_637,1180,37,724,644,1904,681,17919.52,372692.56,0.05,20.80,20705.14
values_819,3303,37,2131,2051,5434,2088,59925.64,1151866.66,0.05,19.22,63992.59
values_856,2522,37,1633,1553,4155,1590,44187.64,859581.90,0.05,19.45,47754.55
values_905,2172,37,1387,1307,3559,1344,36986.26,726127.68,0.05,19.63,40340.43
values_539,365,37,192,112,557,149,4021.08,127525.58,0.03,31.71,7084.75
values_732,3217,37,2079,1999,5296,2036,58211.10,1120003.11,0.05,19.24,62222.39
values_988,1594,37,1023,943,2617,980,26004.18,521889.86,0.05,20.07,28993.88
values_902,4481,37,2931,2851,7412,2888,85207.28,1620567.10,0.05,19.02,90031.51
values_109,858,37,520,440,1378,477,12261.23,268075.10,0.05,21.86,14893.06
values_262,434,37,246,166,680,203,5212.43,142902.18,0.04,27.42,7939.01
values_531,247,37,112,32,359,69,2192.96,141994.18,0.02,64.75,7888.57
values_204,2364,37,1510,1430,3874,1467,40749.26,796035.41,0.05,19.53,44224.19
values_207,2706,37,1757,1677,4463,1714,47946.68,929327.97,0.05,19.38,51629.33
values_993,2556,37,1653,1573,4209,1610,44837.82,871686.64,0.05,19.44,48427.04
values_69,5004,37,3271,3191,8275,3228,96456.92,1829190.09,0.05,18.96,101621.67
values_46,5131,37,3379,3299,8510,3336,99600.22,1887286.79,0.05,18.95,104849.27
values_654,4461,37,2919,2839,7380,2876,84795.08,1612913.49,0.05,19.02,89606.31
values_955,635,37,380,300,1015,337,8522.55,199711.85,0.04,23.43,11095.10
values_795,3067,37,1992,1912,5059,1949,55287.37,1065612.09,0.05,19.27,59200.67
values_24,2744,37,1804,1724,4548,1761,49037.35,949288.02,0.05,19.36,52738.22
values_237,3126,37,2039,1959,5165,1996,56623.36,1090310.36,0.05,19.26,60572.80
values_172,2832,37,1847,1767,4679,1804,50612.67,978726.37,0.05,19.34,54373.69
values_361,3474,37,2254,2174,5728,2211,63640.85,1220680.65,0.05,19.18,67815.59
values_984,4639,37,3038,2958,7677,2995,88656.61,1684505.53,0.05,19.00,93583.64
values_424,1473,37,934,854,2407,891,23586.87,477233.66,0.05,20.23,26512.98
values_478,412,37,229,149,641,186,4832.60,137404.79,0.04,28.43,7633.60
values_533,3367,37,2189,2109,5556,2146,61490.67,1180728.65,0.05,19.20,65596.04
values_912,3966,37,2595,2515,6561,2552,74253.54,1417386.49,0.05,19.09,78743.69
values_431,4012,37,2627,2547,6639,2584,75255.66,1435958.89,0.05,19.08,79775.49
values_318,2107,37,1358,1278,3465,1315,35900.34,705730.92,0.05,19.66,39207.27
values_842,1289,37,805,725,2094,762,20047.22,411797.49,0.05,20.54,22877.64
values_934,1598,37,1008,928,2606,965,25836.89,519187.80,0.05,20.09,28843.77
values_248,2348,37,1513,1433,3861,1470,40623.90,793498.43,0.05,19.53,44083.25
values_395,3554,37,2293,2213,5847,2250,65110.49,1248088.40,0.05,19.17,69338.24
values_300,304,37,154,74,458,111,3111.84,119805.93,0.03,38.50,6655.89
values_868,3092,37,2024,1944,5116,1981,56030.50,1079221.20,0.05,19.26,59956.73
values_565,3746,37,2440,2360,6186,2397,69450.31,1328384.32,0.05,19.13,73799.13
values_765,3161,37,2061,1981,5222,2018,57330.83,1103451.99,0.05,19.25,61302.89
values_589,5009,37,3281,3201,8290,3238,96668.76,1833067.31,0.05,18.96,101837.07
values_800,3193,37,2092,2012,5285,2049,58138.72,1118332.42,0.05,19.24,62129.58
values_411,1457,37,931,851,2388,888,23389.07,473374.34,0.05,20.24,26298.57
values_932,638,37,375,295,1013,332,8483.91,199515.80,0.04,23.52,11084.21
values_235,4142,37,2708,2628,6850,2665,77952.45,1486020.50,0.05,19.06,82556.69
values_577,3905,37,2535,2455,6440,2492,72663.09,1388072.19,0.05,19.10,77115.12
values_95,5071,37,3316,3236,8387,3273,97929.95,1856492.79,0.05,18.96,103138.49
values_257,1444,37,912,832,2356,869,23002.13,466456.62,0.05,20.28,25914.26
values_588,1241,37,768,688,2009,725,19089.19,394213.99,0.05,20.65,21900.78
values_303,5088,37,3376,3296,8464,3333,99050.85,1876917.51,0.05,18.95,104273.20
values_42,2958,37,1921,1841,4879,1878,53059.03,1024246.87,0.05,19.30,56902.60
values_37,1904,37,1215,1135,3119,1172,31797.45,629715.51,0.05,19.80,34984.20
values_561,4328,37,2786,2706,7114,2743,81252.83,1547617.15,0.05,19.05,85978.73
values_529,3455,37,2261,2181,5716,2218,63533.59,1218484.52,0.05,19.18,67693.58
values_270,3016,37,1973,1893,4989,1930,54451.87,1049931.53,0.05,19.28,58329.53
values_937,588,37,344,264,932,301,7673.73,184983.49,0.04,24.11,10276.86
values_10,2055,37,1312,1232,3367,1269,34712.01,683871.62,0.05,19.70,37992.87
values_368,1026,37,629,549,1655,586,15217.32,322543.49,0.05,21.20,17919.08
values_67,3335,37,2148,2068,5483,2105,60530.15,1163127.25,0.05,19.22,64618.18
values_161,1701,37,1099,1019,2800,1056,28124.30,561147.48,0.05,19.95,31174.86
values_672,1368,37,874,794,2242,831,21744.50,442804.48,0.05,20.36,24600.25
values_35,3670,37,2373,2293,6043,2330,67597.69,1294187.67,0.05,19.15,71899.31
values_205,3709,37,2424,2344,6133,2381,68796.02,1316164.12,0.05,19.13,73120.23
values_495,4352,37,2842,2762,7194,2799,82376.31,1568102.46,0.05,19.04,87116.80
values_151,1240,37,771,691,2011,728,19120.18,394675.28,0.05,20.64,21926.40
values_429,933,37,565,485,1498,522,13523.80,291458.87,0.05,21.55,16192.16
values_30,3226,37,2088,2008,5314,2045,58442.76,1124266.43,0.05,19.24,62459.25
values_673,2219,37,1418,1338,3637,1375,37916.51,743395.97,0.05,19.61,41299.78
values_4,1310,37,819,739,2129,776,20438.21,419038.71,0.05,20.50,23279.93
values_792,688,37,396,316,1084,353,9174.46,212696.51,0.04,23.18,11816.47
values_497,2326,37,1481,1401,3807,1438,39934.85,780981.46,0.05,19.56,43387.86
values_764,618,37,355,275,973,312,8061.70,192527.97,0.04,23.88,10696.00
values_960,4456,37,2943,2863,7399,2900,85102.09,1618381.43,0.05,19.02,89910.08
values_345,2916,37,1907,1827,4823,1864,52397.97,1011808.52,0.05,19.31,56211.58
values_621,2514,37,1625,1545,4139,1582,43987.36,855902.97,0.05,19.46,47550.17
values_579,614,37,346,266,960,303,7913.45,190428.48,0.04,24.06,10579.36
values_388,3974,37,2598,2518,6572,2555,74389.17,1419923.32,0.05,19.09,78884.63
