inputName,TotalOperators,DistinctOperators,Total_Operands,DistinctOperands,ProgramLength,VocabularySize,ProgramVolume,Effort,ProgramLevel,DifficultyLevel
values_27,3993,36,2608,2528,6601,2564,74750.92,1388096.12,0.05,18.57
values_560,1157,36,715,635,1872,671,17578.40,356273.95,0.05,20.27
values_695,3571,36,2325,2245,5896,2281,65772.54,1226093.85,0.05,18.64
values_821,1736,36,1094,1014,2830,1050,28402.37,551577.41,0.05,19.42
values_365,3657,36,2395,2315,6052,2351,67776.70,1262139.83,0.05,18.62
values_852,4059,36,2630,2550,6689,2586,75829.89,1407759.65,0.05,18.56
values_329,3363,36,2169,2089,5532,2125,61146.56,1142787.99,0.05,18.69
values_466,546,36,306,226,852,262,6844.48,166811.40,0.04,24.37
values_292,1115,36,694,614,1809,650,16903.83,343913.13,0.05,20.35
values_968,440,36,239,159,679,195,5165.38,139757.57,0.04,27.06
values_873,2852,36,1846,1766,4698,1802,50810.67,956023.20,0.05,18.82
values_84,760,36,476,396,1236,432,10821.04,234127.98,0.05,21.64
values_808,3473,36,2272,2192,5745,2228,63893.21,1192051.42,0.05,18.66
values_683,2716,36,1756,1676,4472,1712,48035.84,905916.97,0.05,18.86
values_111,1831,36,1155,1075,2986,1111,30211.28,584272.15,0.05,19.34
values_675,4422,36,2885,2805,7307,2841,83827.24,1551924.66,0.05,18.51
values_552,2080,36,1313,1233,3393,1269,34980.05,670493.58,0.05,19.17
values_870,1390,36,874,794,2264,830,21953.93,434986.52,0.05,19.81
values_744,3527,36,2291,2211,5818,2247,64776.36,1208162.57,0.05,18.65
values_112,2772,36,1795,1715,4567,1751,49204.69,926999.16,0.05,18.84
values_410,2520,36,1630,1550,4150,1586,44119.38,835137.26,0.05,18.93
values_756,1392,36,877,797,2269,833,22014.23,436030.91,0.05,19.81
values_171,2570,36,1647,1567,4217,1603,44896.54,849395.51,0.05,18.92
values_400,4419,36,2911,2831,7330,2867,84187.44,1558196.23,0.05,18.51
values_970,3649,36,2405,2325,6054,2361,67836.17,1263065.79,0.05,18.62
values_454,1481,36,929,849,2410,885,23592.78,464685.99,0.05,19.70
values_927,1169,36,719,639,1888,675,17744.83,359395.25,0.05,20.25
values_137,3461,36,2297,2217,5758,2253,64130.48,1196003.13,0.05,18.65
values_843,4242,36,2767,2687,7009,2723,79979.57,1482494.36,0.05,18.54
values_663,1870,36,1205,1125,3075,1161,31307.04,603599.79,0.05,19.28
values_316,900,36,551,471,1451,507,13038.46,274555.02,0.05,21.06
values_427,3697,36,2418,2338,6115,2374,68568.13,1276458.25,0.05,18.62
values_986,4238,36,2744,2664,6982,2700,79586.03,1475567.99,0.05,18.54
values_935,3339,36,2183,2103,5522,2139,61088.34,1141419.59,0.05,18.68
values_840,4231,36,2771,2691,7002,2727,79914.52,1481224.97,0.05,18.54
values_608,2373,36,1528,1448,3901,1484,41098.11,780637.01,0.05,18.99
values_371,2741,36,1771,1691,4512,1727,48522.28,914721.10,0.05,18.85
values_459,4889,36,3228,3148,8117,3184,94454.48,1743387.30,0.05,18.46
values_372,249,36,116,36,365,72,2252.02,130617.31,0.02,58
values_542,1499,36,950,870,2449,906,24057.43,472852.86,0.05,19.66
values_503,1889,36,1221,1141,3110,1177,31724.79,611084.61,0.05,19.26
values_804,472,36,264,184,736,220,5727.08,147908.09,0.04,25.83
values_995,319,36,164,84,483,120,3336.03,117237.56,0.03,35.14
values_831,3095,36,1986,1906,5081,1942,55501.43,1040957.51,0.05,18.76
values_630,531,36,294,214,825,250,6571.77,162513.17,0.04,24.73
values_417,5085,36,3300,3220,8385,3256,97843.60,1804940.96,0.05,18.45
values_422,4631,36,3038,2958,7669,2994,88560.53,1637202.11,0.05,18.49
values_65,775,36,469,389,1244,425,10861.76,235719.76,0.05,21.70
values_572,2937,36,1909,1829,4846,1865,52651.60,989182.14,0.05,18.79
values_568,3916,36,2527,2447,6443,2483,72663.31,1350700.12,0.05,18.59
values_946,4683,36,3061,2981,7744,3017,89512.11,1654457.71,0.05,18.48
values_406,576,36,333,253,909,289,7431.01,176053.20,0.04,23.69
values_846,4133,36,2697,2617,6830,2653,77680.38,1440990.40,0.05,18.55
values_96,1975,36,1270,1190,3245,1226,33292.87,639558.77,0.05,19.21
values_441,2757,36,1786,1706,4543,1742,48912.34,921708.05,0.05,18.84
values_969,3120,36,2011,1931,5131,1967,56142.28,1052427.88,0.05,18.75
values_862,518,36,290,210,808,246,6417.55,159522.00,0.04,24.86
values_341,1384,36,870,790,2254,826,21841.26,432954.51,0.05,19.82
values_810,660,36,377,297,1037,333,8689.42,198539.98,0.04,22.85
values_28,4300,36,2818,2738,7118,2774,81413.92,1508268.68,0.05,18.53
values_655,3990,36,2641,2561,6631,2597,75212.98,1396124.45,0.05,18.56
values_54,3640,36,2376,2296,6016,2332,67303.11,1253666.99,0.05,18.63
values_297,2810,36,1801,1721,4611,1757,49701.50,936213.40,0.05,18.84
values_132,1625,36,1031,951,2656,987,26418.98,515545.20,0.05,19.51
values_811,1519,36,967,887,2486,923,24487.56,480530.49,0.05,19.62
values_824,2856,36,1857,1777,4713,1813,51014.28,959596.72,0.05,18.81
values_635,4114,36,2668,2588,6782,2624,77026.92,1429343.39,0.05,18.56
values_310,1748,36,1124,1044,2872,1080,28940.61,560849.15,0.05,19.38
values_841,4028,36,2659,2579,6687,2615,75914.80,1408853.96,0.05,18.56
values_15,1600,36,1003,923,2603,959,25783.72,504332.96,0.05,19.56
values_973,1654,36,1046,966,2700,1002,26915.40,524599.54,0.05,19.49
values_720,4720,36,3076,2996,7796,3032,90168.96,1666380.12,0.05,18.48
values_87,1189,36,746,666,1935,702,18296.06,368888.09,0.05,20.16
values_728,3536,36,2293,2213,5829,2249,64906.31,1210548.16,0.05,18.65
values_333,1234,36,765,685,1999,721,18978.22,381503.72,0.05,20.10
values_337,4881,36,3205,3125,8086,3161,94009.17,1735484.54,0.05,18.46
values_943,3769,36,2466,2386,6235,2422,70093.76,1303990.80,0.05,18.60
values_742,3867,36,2534,2454,6401,2490,72215.63,1342257.34,0.05,18.59
values_59,1311,36,825,745,2136,781,20525.21,409126.59,0.05,19.93
values_101,4523,36,2949,2869,7472,2905,85960.30,1590430.29,0.05,18.50
values_158,4134,36,2676,2596,6810,2632,77374.84,1435666.85,0.05,18.55
values_264,1145,36,703,623,1848,659,17304.92,351487.11,0.05,20.31
values_500,4530,36,2953,2873,7483,2909,86101.70,1592986.34,0.05,18.50
values_647,3156,36,2045,1965,5201,2001,57036.79,1068460.26,0.05,18.73
values_5,2129,36,1349,1269,3478,1305,35996.72,688788.36,0.05,19.13
values_524,672,36,396,316,1068,352,9034.67,203794.78,0.04,22.56
values_92,720,36,420,340,1140,376,9752.23,216843.73,0.04,22.24
values_691,3946,36,2594,2514,6540,2550,74008.48,1374544.15,0.05,18.57
values_706,455,36,247,167,702,203,5381.07,143258.79,0.04,26.62
values_379,1522,36,967,887,2489,923,24517.12,481110.38,0.05,19.62
values_463,2185,36,1411,1331,3596,1367,37458.80,714784.90,0.05,19.08
values_812,1997,36,1294,1214,3291,1250,33856.86,649583.21,0.05,19.19
values_0,354,36,183,103,537,139,3822.87,122257.65,0.03,31.98
values_940,2683,36,1746,1666,4429,1702,47536.52,896745.44,0.05,18.86
values_762,2859,36,1844,1764,4703,1800,50857.21,956945.93,0.05,18.82
values_982,3282,36,2129,2049,5411,2085,59660.78,1115822.46,0.05,18.70
values_146,1358,36,864,784,2222,820,21507.80,426644.62,0.05,19.84
values_553,3696,36,2412,2332,6108,2368,68467.34,1274690.43,0.05,18.62
values_384,1325,36,836,756,2161,792,20809.04,414198.98,0.05,19.90
values_315,2504,36,1605,1525,4109,1561,43589.32,825767.49,0.05,18.94
values_789,2808,36,1827,1747,4635,1783,50058.42,942313.26,0.05,18.82
values_488,5113,36,3328,3248,8441,3284,98601.33,1818538.88,0.05,18.44
values_903,3179,36,2050,1970,5229,2006,57362.68,1074458.39,0.05,18.73
values_77,2877,36,1859,1779,4736,1815,51270.77,964374.65,0.05,18.81
values_639,4128,36,2667,2587,6795,2623,77170.83,1432030.47,0.05,18.56
values_512,4605,36,3010,2930,7615,2966,87833.72,1624174.32,0.05,18.49
values_719,2720,36,1729,1649,4449,1685,47686.75,900004.32,0.05,18.87
values_198,2418,36,1537,1457,3955,1493,41701.51,791842.20,0.05,18.99
values_763,696,36,412,332,1108,368,9444.11,210956.31,0.04,22.34
values_770,825,36,498,418,1323,454,11677.52,250424.22,0.05,21.44
values_17,2105,36,1353,1273,3458,1309,35804.99,684992.01,0.05,19.13
values_139,4968,36,3266,3186,8234,3222,95956.90,1770594.58,0.05,18.45
values_693,1661,36,1061,981,2722,1017,27193.06,529391.56,0.05,19.47
values_645,1233,36,772,692,2005,728,19063.13,382805.25,0.05,20.08
values_632,2730,36,1786,1706,4516,1742,48621.64,916230.15,0.05,18.84
values_803,4364,36,2821,2741,7185,2777,82191.45,1522625.90,0.05,18.53
values_716,236,36,105,24,341,60,2014.25,158622.16,0.01,78.75
values_662,535,36,296,216,831,252,6629.12,163518.28,0.04,24.67
values_700,3251,36,2124,2044,5375,2080,59245.23,1108152.41,0.05,18.70
values_976,3781,36,2461,2381,6242,2417,70153.85,1305197.48,0.05,18.60
values_784,1878,36,1202,1122,3080,1158,31346.45,604466.88,0.05,19.28
values_244,2758,36,1779,1699,4537,1735,48821.39,920163.88,0.05,18.85
values_302,3443,36,2234,2154,5677,2190,62996.05,1176043.29,0.05,18.67
values_450,574,36,328,248,902,284,7351.07,175002.94,0.04,23.81
values_891,2678,36,1722,1642,4400,1678,47135.12,889768.66,0.05,18.88
values_548,4582,36,2997,2917,7579,2953,87370.45,1615799.24,0.05,18.49
values_416,4367,36,2882,2802,7249,2838,83150.81,1539447.26,0.05,18.51
values_613,322,36,164,84,486,120,3356.75,117965.74,0.03,35.14
values_152,2360,36,1546,1466,3906,1502,41218.73,782424.76,0.05,18.98
values_166,4016,36,2627,2547,6643,2583,75297.29,1397922.10,0.05,18.57
values_335,1191,36,731,651,1922,687,18113.25,366104.63,0.05,20.21
values_189,3631,36,2375,2295,6006,2331,67187.52,1251532.24,0.05,18.63
values_563,3622,36,2361,2281,5983,2317,66878.23,1246028.45,0.05,18.63
values_562,3316,36,2157,2077,5473,2113,60449.71,1130004.97,0.05,18.69
values_457,2833,36,1821,1741,4654,1777,50240.99,945892.71,0.05,18.83
values_290,3593,36,2377,2297,5970,2333,66792.18,1244131.65,0.05,18.63
values_707,3772,36,2458,2378,6230,2414,70007.82,1302534.02,0.05,18.61
values_12,4797,36,3123,3043,7920,3079,91778.91,1695451.73,0.05,18.47
values_143,559,36,324,244,883,280,7178.16,171569.72,0.04,23.90
values_749,1317,36,820,740,2137,776,20515.01,409191.36,0.05,19.95
values_476,1147,36,712,632,1859,668,17444.31,353744.03,0.05,20.28
values_243,4098,36,2676,2596,6774,2632,76965.81,1428077.43,0.05,18.55
values_309,3985,36,2613,2533,6598,2569,74735.49,1387725.59,0.05,18.57
values_930,712,36,428,348,1140,384,9786.86,216660.77,0.05,22.14
values_447,4396,36,2863,2783,7259,2819,83195.16,1540560.41,0.05,18.52
values_430,4008,36,2619,2539,6627,2575,75086.27,1394138.29,0.05,18.57
values_844,4803,36,3158,3078,7961,3114,92383.85,1706129.78,0.05,18.47
values_933,2521,36,1621,1541,4142,1577,44000.33,833122.39,0.05,18.93
values_366,4531,36,2990,2910,7521,2946,86676.08,1603060.66,0.05,18.49
values_669,914,36,549,469,1463,505,13137.94,276821.25,0.05,21.07
values_241,3000,36,1942,1862,4942,1898,53819.69,1010376.45,0.05,18.77
values_998,736,36,443,363,1179,399,10186.85,223773.92,0.05,21.97
values_646,3750,36,2441,2361,6191,2397,69506.44,1293508.76,0.05,18.61
values_355,3348,36,2165,2085,5513,2121,60921.57,1138663.51,0.05,18.69
values_674,3027,36,1975,1895,5002,1931,54597.49,1024243.20,0.05,18.76
values_665,2552,36,1626,1546,4178,1582,44401.84,840590.53,0.05,18.93
values_33,4668,36,3067,2987,7735,3023,89430.25,1652857.92,0.05,18.48
values_887,281,36,134,54,415,90,2694.12,120337.32,0.02,44.67
values_481,770,36,466,386,1236,422,10779.28,234239.87,0.05,21.73
values_513,4137,36,2713,2633,6850,2669,77967.27,1446051.57,0.05,18.55
values_145,4254,36,2772,2692,7026,2728,80192.15,1486354.94,0.05,18.53
values_192,1049,36,650,570,1699,606,15704.15,322348.40,0.05,20.53
values_989,4048,36,2635,2555,6683,2591,75780.50,1406758.90,0.05,18.56
values_702,886,36,552,472,1438,508,12925.73,272097.54,0.05,21.05
values_203,2639,36,1711,1631,4350,1667,46558.22,879153.87,0.05,18.88
values_596,3312,36,2138,2058,5450,2094,60124.65,1124313.41,0.05,18.70
values_741,3358,36,2177,2097,5535,2133,61209.73,1143807.55,0.05,18.69
values_584,4569,36,3008,2928,7577,2964,87388.04,1615962.43,0.05,18.49
values_255,1148,36,709,629,1857,665,17413.48,353308.16,0.05,20.29
values_692,3110,36,2031,1951,5141,1987,56326.73,1055454.94,0.05,18.74
values_348,4105,36,2644,2564,6749,2600,76562.65,1421127.06,0.05,18.56
values_25,2313,36,1493,1413,3806,1449,39966.20,760121.57,0.05,19.02
values_433,1935,36,1262,1182,3197,1218,32770.20,629786.76,0.05,19.22
values_346,3196,36,2078,1998,5274,2034,57961.81,1085086.83,0.05,18.72
values_472,312,36,153,73,465,109,3147.21,118731.57,0.03,37.73
values_701,245,36,111,31,356,67,2159.53,139185.05,0.02,64.45
values_326,3067,36,1968,1888,5035,1924,54931.31,1030660.37,0.05,18.76
values_19,4000,36,2600,2520,6600,2556,74709.84,1387468.38,0.05,18.57
values_549,4320,36,2889,2809,7209,2845,82717.60,1531321.00,0.05,18.51
values_566,4654,36,3032,2952,7686,2988,88734.60,1640507.91,0.05,18.49
values_163,4946,36,3210,3130,8156,3166,94841.60,1750782.03,0.05,18.46
values_900,1264,36,795,715,2059,751,19668.95,393654.00,0.05,20.01
values_797,5132,36,3351,3271,8483,3307,99177.36,1828853.56,0.05,18.44
values_682,3682,36,2358,2278,6040,2314,67504.09,1257745.14,0.05,18.63
values_574,1751,36,1116,1036,2867,1072,28859.48,559584.16,0.05,19.39
values_515,871,36,534,454,1405,490,12555.98,265832.70,0.05,21.17
values_794,3497,36,2271,2191,5768,2227,64145.27,1196773.31,0.05,18.66
values_886,3057,36,1974,1894,5031,1930,54910.27,1030132.93,0.05,18.76
values_659,4976,36,3278,3198,8254,3234,96234.24,1775548.89,0.05,18.45
values_620,4353,36,2846,2766,7199,2802,82444.68,1526925.64,0.05,18.52
values_425,4628,36,2990,2910,7618,2946,87793.96,1623735.69,0.05,18.49
values_284,4727,36,3118,3038,7845,3074,90891.40,1679127.31,0.05,18.47
values_97,1532,36,984,904,2516,940,24849.32,486870.68,0.05,19.59
values_499,3162,36,2065,1985,5227,2021,57396.92,1074782.66,0.05,18.73
values_726,1137,36,708,628,1845,664,17296.95,351006.85,0.05,20.29
values_201,2207,36,1407,1327,3614,1363,37631.03,718193.97,0.05,19.09
values_689,636,36,378,298,1014,334,8501.08,194098.40,0.04,22.83
values_260,347,36,182,102,529,138,3760.41,120775.50,0.03,32.12
values_178,839,36,498,418,1337,454,11801.10,253074.21,0.05,21.44
values_105,1002,36,634,554,1636,590,15058.68,310197.90,0.05,20.60
values_381,390,36,208,128,598,164,4399.82,128694.62,0.03,29.25
values_511,4786,36,3115,3035,7901,3071,91529.08,1690950.70,0.05,18.47
values_951,711,36,421,341,1132,377,9688.13,215298.14,0.04,22.22
values_634,3678,36,2406,2326,6084,2362,68176.05,1269375.84,0.05,18.62
values_487,715,36,437,357,1152,393,9928.38,218758.09,0.05,22.03
values_138,4965,36,3290,3210,8255,3246,96290.01,1776415.74,0.05,18.45
values_664,1475,36,944,864,2419,900,23739.54,466877.56,0.05,19.67
values_107,4066,36,2684,2604,6750,2640,76722.67,1423435.43,0.05,18.55
values_103,2483,36,1618,1538,4101,1574,43553.52,824741.72,0.05,18.94
values_983,5138,36,3338,3258,8476,3294,99047.36,1826630.25,0.05,18.44
values_404,1107,36,681,601,1788,637,16655.49,339705.43,0.05,20.40
values_81,2689,36,1716,1636,4405,1672,47165.92,890501.74,0.05,18.88
values_435,2551,36,1645,1565,4196,1601,44665.40,845075.13,0.05,18.92
values_124,1086,36,666,586,1752,622,16259.91,332634.48,0.05,20.46
values_681,4893,36,3218,3138,8111,3174,94347.85,1741556.73,0.05,18.46
values_8,1653,36,1052,972,2705,1008,26988.54,525776.78,0.05,19.48
values_380,3309,36,2143,2063,5452,2099,60165.47,1124974.76,0.05,18.70
values_144,4930,36,3233,3153,8163,3189,95008.25,1753539.44,0.05,18.46
values_238,359,36,186,106,545,142,3896.61,123074.13,0.03,31.58
values_104,1801,36,1145,1065,2946,1101,29768.15,576076.55,0.05,19.35
values_221,2849,36,1835,1755,4684,1791,50617.88,952654.43,0.05,18.82
values_690,3657,36,2367,2287,6024,2323,67359.00,1254874.37,0.05,18.63
values_771,2872,36,1862,1782,4734,1818,51260.40,964109.71,0.05,18.81
values_140,1874,36,1191,1111,3065,1147,31151.59,601105.05,0.05,19.30
values_746,4012,36,2640,2560,6652,2596,75447.48,1400493.86,0.05,18.56
values_736,4551,36,2948,2868,7499,2904,86267.19,1596123.48,0.05,18.50
values_582,3772,36,2458,2378,6230,2414,70007.82,1302534.02,0.05,18.61
values_444,2541,36,1628,1548,4169,1584,44313.79,838870.31,0.05,18.93
values_827,3002,36,1923,1843,4925,1879,53563.07,1005985.87,0.05,18.78
values_526,4308,36,2809,2729,7117,2765,81369.11,1507579.77,0.05,18.53
values_498,1880,36,1204,1124,3084,1160,31394.84,605328.26,0.05,19.28
values_73,855,36,518,438,1373,474,12204.24,259799.94,0.05,21.29
values_752,335,36,166,86,501,122,3472.30,120642.22,0.03,34.74
values_992,4267,36,2796,2716,7063,2752,80703.71,1495455.16,0.05,18.53
values_240,1289,36,801,721,2090,757,19989.07,399726.00,0.05,20.00
values_89,3330,36,2171,2091,5501,2127,60811.38,1136483.52,0.05,18.69
values_218,4115,36,2696,2616,6811,2652,77460.58,1436929.36,0.05,18.55
values_377,516,36,295,215,811,251,6464.92,159668.53,0.04,24.70
values_82,566,36,317,237,883,273,7145.90,172044.44,0.04,24.08
values_739,3681,36,2390,2310,6071,2346,67970.84,1265846.53,0.05,18.62
values_398,2436,36,1567,1487,4003,1523,42322.52,802790.16,0.05,18.97
values_34,2017,36,1276,1196,3293,1232,33808.53,649259.43,0.05,19.20
values_320,4669,36,3082,3002,7751,3038,89670.59,1657083.86,0.05,18.48
values_569,1640,36,1038,958,2678,994,26665.12,520053.33,0.05,19.50
values_924,940,36,574,494,1514,530,13701.47,286565.98,0.05,20.91
values_926,4203,36,2743,2663,6946,2699,79171.96,1467907.03,0.05,18.54
values_307,4023,36,2626,2546,6649,2582,75361.58,1399132.49,0.05,18.57
values_438,2512,36,1637,1557,4149,1593,44135.11,835250.66,0.05,18.92
values_70,4819,36,3176,3096,7995,3132,92844.88,1714391.57,0.05,18.47
values_29,4568,36,2983,2903,7551,2939,86995.90,1609079.50,0.05,18.50
values_717,941,36,573,493,1514,529,13697.35,286560.69,0.05,20.92
values_324,1815,36,1150,1070,2965,1106,29979.52,579977.58,0.05,19.35
values_920,2814,36,1834,1754,4648,1790,50225.10,945285.59,0.05,18.82
values_175,897,36,545,465,1442,501,12932.82,272840.73,0.05,21.10
values_916,3408,36,2215,2135,5623,2171,62326.14,1163907.86,0.05,18.67
values_623,959,36,593,513,1552,549,14124.23,293883.06,0.05,20.81
values_263,2144,36,1367,1287,3511,1323,36407.66,696073.65,0.05,19.12
values_199,3031,36,1945,1865,4976,1901,54201.29,1017473.07,0.05,18.77
values_718,750,36,436,356,1186,392,10217.05,225234.20,0.05,22.04
values_222,2776,36,1790,1710,4566,1746,49175.08,926562.03,0.05,18.84
values_629,2097,36,1355,1275,3452,1311,35750.47,683885.50,0.05,19.13
values_603,3247,36,2130,2050,5377,2086,59289.62,1108860.44,0.05,18.70
values_543,4052,36,2656,2576,6708,2612,76142.10,1413121.71,0.05,18.56
values_583,2837,36,1840,1760,4677,1796,50561.04,951466.91,0.05,18.82
values_854,3810,36,2490,2410,6300,2446,70914.11,1318825.98,0.05,18.60
values_585,4300,36,2821,2741,7121,2777,81459.34,1509063.19,0.05,18.53
values_708,4194,36,2740,2660,6934,2696,79024.06,1465212.98,0.05,18.54
values_559,2369,36,1536,1456,3905,1492,41170.54,781787.82,0.05,18.99
values_640,560,36,323,243,883,279,7173.60,171635.00,0.04,23.93
values_793,2659,36,1705,1625,4364,1661,46685.36,881706.85,0.05,18.89
values_420,3047,36,1976,1896,5023,1932,54830.46,1028591.71,0.05,18.76
values_51,1952,36,1255,1175,3207,1211,32846.04,631482.59,0.05,19.23
values_323,2367,36,1527,1447,3894,1483,41020.58,779192.49,0.05,19.00
values_57,1145,36,710,630,1855,666,17398.75,352946.01,0.05,20.29
values_242,4616,36,2990,2910,7606,2946,87655.66,1621177.96,0.05,18.49
values_443,762,36,447,367,1209,403,10463.45,229397.71,0.05,21.92
values_544,3706,36,2409,2329,6115,2365,68534.62,1275997.57,0.05,18.62
values_825,4875,36,3165,3085,8040,3121,93326.65,1723442.27,0.05,18.47
values_896,4687,36,3064,2984,7751,3020,89604.14,1656115.12,0.05,18.48
values_382,2052,36,1318,1238,3370,1274,34762.05,666151.03,0.05,19.16
values_484,4003,36,2614,2534,6617,2570,74954.42,1391773.94,0.05,18.57
values_129,2922,36,1892,1812,4814,1848,52240.32,981841.24,0.05,18.79
values_88,4941,36,3217,3137,8158,3173,94890.85,1751593.78,0.05,18.46
values_965,4785,36,3122,3042,7907,3078,91624.56,1692614.59,0.05,18.47
values_904,2675,36,1738,1658,4413,1694,47334.80,893137.46,0.05,18.87
values_23,2001,36,1285,1205,3286,1241,33771.17,648238.24,0.05,19.20
values_153,4679,36,3084,3004,7763,3040,89816.79,1659756.86,0.05,18.48
values_164,4392,36,2907,2827,7299,2863,83816.69,1551394.53,0.05,18.51
values_45,240,36,108,28,348,64,2088,144966.86,0.01,69.43
values_644,5139,36,3360,3280,8499,3316,99397.75,1832797.45,0.05,18.44
values_532,5155,36,3374,3294,8529,3330,99800.44,1840036.58,0.05,18.44
values_847,473,36,258,178,731,214,5659.01,147643.00,0.04,26.09
values_625,2177,36,1397,1317,3574,1353,37176.56,709826.62,0.05,19.09
values_850,4380,36,2879,2799,7259,2835,83254.44,1541411.72,0.05,18.51
values_458,3763,36,2460,2380,6223,2416,69936.59,1301173.25,0.05,18.61
values_451,3183,36,2067,1987,5250,2023,57656.97,1079610.14,0.05,18.72
values_232,3211,36,2097,2017,5308,2053,58406.67,1093018.48,0.05,18.71
values_239,631,36,369,289,1000,325,8344.30,191774.44,0.04,22.98
values_721,2058,36,1329,1249,3387,1285,34979.42,669958.13,0.05,19.15
values_258,3733,36,2414,2334,6147,2370,68912.00,1282932.34,0.05,18.62
values_468,4067,36,2675,2595,6742,2631,76598.53,1421279.06,0.05,18.55
values_892,1311,36,829,749,2140,785,20579.41,409994.69,0.05,19.92
values_954,815,36,481,401,1296,437,11367.85,245443.51,0.05,21.59
values_944,4399,36,2872,2792,7271,2828,83366.13,1543587.26,0.05,18.52
values_119,3027,36,1984,1904,5011,1940,54729.34,1026520.15,0.05,18.76
values_66,503,36,276,196,779,232,6121.37,155157.92,0.04,25.35
values_876,1603,36,1017,937,2620,973,26006.90,508092.03,0.05,19.54
values_328,2215,36,1449,1369,3664,1405,38312.08,729916.54,0.05,19.05
values_494,284,36,137,57,421,93,2752.99,119102.86,0.02,43.26
values_966,822,36,492,412,1314,448,11572.86,248760.40,0.05,21.50
values_36,3669,36,2404,2324,6073,2360,68045.36,1266978.85,0.05,18.62
values_147,1028,36,636,556,1664,592,15324.53,315530.98,0.05,20.59
values_519,4751,36,3140,3060,7891,3096,91505.53,1690161.03,0.05,18.47
values_929,1052,36,636,556,1688,592,15545.56,320081.91,0.05,20.59
values_340,239,36,107,27,346,63,2068.14,147527.24,0.01,71.33
values_354,2572,36,1668,1588,4240,1624,45221.02,854984.91,0.05,18.91
values_317,3959,36,2590,2510,6549,2546,74095.50,1376227.89,0.05,18.57
values_959,3980,36,2630,2550,6610,2586,74934.31,1391133.40,0.05,18.56
values_869,2218,36,1406,1326,3624,1362,37731.32,720138.87,0.05,19.09
values_449,2307,36,1487,1407,3794,1443,39817.48,757466.05,0.05,19.02
values_133,2181,36,1383,1303,3564,1339,37019.06,707254.30,0.05,19.11
values_56,3771,36,2462,2382,6233,2418,70056.42,1303367.00,0.05,18.60
values_334,4506,36,2948,2868,7454,2904,85749.52,1586545.46,0.05,18.50
values_775,2668,36,1723,1643,4391,1679,47042.48,887994.81,0.05,18.88
values_492,2667,36,1727,1647,4394,1683,47089.70,888786.01,0.05,18.87
values_614,1473,36,934,854,2407,890,23582.97,464258.68,0.05,19.69
values_878,302,36,149,69,451,105,3028.12,117701.89,0.03,38.87
values_687,1514,36,937,857,2451,893,24025.97,472837.77,0.05,19.68
values_972,4079,36,2669,2589,6748,2625,76644.47,1422230.07,0.05,18.56
values_769,2007,36,1291,1211,3298,1247,33917.44,650845.19,0.05,19.19
values_814,4835,36,3210,3130,8045,3166,93550.84,1726954.56,0.05,18.46
values_991,4868,36,3202,3122,8070,3158,93812.10,1731887.94,0.05,18.46
values_787,2606,36,1690,1610,4296,1646,45901.68,867285.16,0.05,18.89
values_26,4799,36,3181,3101,7980,3137,92689.06,1711444.67,0.05,18.46
values_274,2680,36,1707,1627,4387,1663,46939.02,886446.50,0.05,18.89
values_357,4813,36,3157,3077,7970,3113,92484.60,1708004.44,0.05,18.47
values_817,4878,36,3203,3123,8081,3159,93943.66,1734302.90,0.05,18.46
values_839,2517,36,1621,1541,4138,1577,43957.84,832317.83,0.05,18.93
values_174,633,36,368,288,1001,324,8348.19,192008.37,0.04,23
values_373,3065,36,1976,1896,5041,1932,55026.95,1032277.68,0.05,18.76
values_872,1945,36,1256,1176,3201,1212,32788.40,630340.26,0.05,19.22
values_353,3831,36,2496,2416,6327,2452,71240.40,1324788.28,0.05,18.60
values_483,1584,36,1010,930,2594,966,25721.79,502819.53,0.05,19.55
values_907,1411,36,874,794,2285,830,22157.57,439021.29,0.05,19.81
values_43,2063,36,1296,1216,3359,1252,34564.17,663086.38,0.05,19.18
values_671,4738,36,3112,3032,7850,3068,90927.20,1679874.02,0.05,18.47
values_176,631,36,363,283,994,319,8267.51,190883.03,0.04,23.09
values_798,500,36,280,200,780,236,6148.46,154941.23,0.04,25.20
values_362,4932,36,3237,3157,8169,3193,95092.85,1755045.97,0.05,18.46
values_115,4403,36,2882,2802,7285,2838,83563.75,1547092.47,0.05,18.51
values_234,4616,36,3009,2929,7625,2965,87945.35,1626253.34,0.05,18.49
values_818,4620,36,3059,2979,7679,3015,88753.44,1640463.86,0.05,18.48
values_52,865,36,535,455,1400,491,12515.41,264886.61,0.05,21.16
values_834,4848,36,3176,3096,8024,3132,93181.66,1720610.13,0.05,18.47
values_952,3632,36,2400,2320,6032,2356,67571.21,1258222.55,0.05,18.62
values_325,2899,36,1859,1779,4758,1815,51508.94,968854.44,0.05,18.81
values_118,5042,36,3327,3247,8369,3283,97756.61,1802972.64,0.05,18.44
values_882,4007,36,2645,2565,6652,2601,75465.95,1400753.89,0.05,18.56
values_592,2393,36,1544,1464,3937,1500,41538.29,788546.56,0.05,18.98
values_641,1169,36,725,645,1894,681,17825.40,360653.48,0.05,20.23
values_777,2779,36,1808,1728,4587,1764,49469.12,931668.43,0.05,18.83
values_755,3781,36,2449,2369,6230,2405,69974.25,1302070.37,0.05,18.61
values_393,4195,36,2730,2650,6925,2686,78884.36,1462783.98,0.05,18.54
values_230,555,36,321,241,876,277,7107.64,170406.36,0.04,23.98
values_786,1853,36,1179,1099,3032,1135,30770.18,594180.87,0.05,19.31
values_694,4060,36,2646,2566,6706,2602,76082.29,1412177.39,0.05,18.56
values_922,3272,36,2148,2068,5420,2104,59830.94,1118618.71,0.05,18.70
values_806,3856,36,2512,2432,6368,2468,71761.80,1334202.92,0.05,18.59
values_98,3136,36,2052,1972,5188,2008,56920.37,1066131.19,0.05,18.73
values_605,3772,36,2476,2396,6248,2432,70277.05,1307223.54,0.05,18.60
values_773,4687,36,3062,2982,7749,3018,89573.61,1655579.90,0.05,18.48
values_564,3578,36,2324,2244,5902,2280,65835.74,1227290.79,0.05,18.64
values_233,1423,36,880,800,2303,836,22356.05,442649.75,0.05,19.80
values_279,2177,36,1389,1309,3566,1345,37062.83,707902.89,0.05,19.10
values_267,3464,36,2242,2162,5706,2198,63347.87,1182454.57,0.05,18.67
values_963,3673,36,2397,2317,6070,2353,67985.73,1265995.88,0.05,18.62
values_939,1594,36,1003,923,2597,959,25724.29,503170.46,0.05,19.56
values_117,2283,36,1474,1394,3757,1430,39380.12,749521.78,0.05,19.03
values_540,4397,36,2847,2767,7244,2803,82963.76,1536523.70,0.05,18.52
values_849,4907,36,3218,3138,8125,3174,94510.70,1744562.75,0.05,18.46
values_913,4691,36,3065,2985,7756,3021,89665.65,1657237.42,0.05,18.48
values_184,874,36,532,452,1406,488,12556.62,266022.48,0.05,21.19
values_879,296,36,144,64,440,100,2923.30,118393.52,0.02,40.50
values_289,1397,36,865,785,2262,821,21898.96,434352.65,0.05,19.83
values_829,1077,36,665,585,1742,621,16163.06,330721.05,0.05,20.46
values_209,1970,36,1257,1177,3227,1213,33058.56,635499.60,0.05,19.22
values_455,2820,36,1863,1783,4683,1819,50711.88,953770.12,0.05,18.81
values_880,4454,36,2918,2838,7372,2874,84695.76,1567498.28,0.05,18.51
values_61,373,36,199,119,572,155,4161.94,125277.99,0.03,30.10
values_44,4362,36,2864,2784,7226,2820,82820.65,1533609.98,0.05,18.52
values_423,502,36,287,207,789,243,6252.68,156045.07,0.04,24.96
values_928,5045,36,3292,3212,8337,3248,97253.91,1794171.05,0.05,18.45
values_206,4823,36,3197,3117,8020,3153,93212.53,1720888.04,0.05,18.46
values_486,4250,36,2776,2696,7026,2732,80207.00,1486566.56,0.05,18.53
values_125,4426,36,2931,2851,7357,2887,84571.33,1564999.72,0.05,18.51
values_936,3893,36,2553,2473,6446,2509,72794.01,1352679.36,0.05,18.58
values_268,3238,36,2083,2003,5321,2039,58497.19,1095004.33,0.05,18.72
values_68,377,36,201,121,578,157,4216.29,126070.58,0.03,29.90
values_428,1145,36,718,638,1863,674,17505.87,354617.44,0.05,20.26
values_610,1530,36,988,908,2518,944,24884.50,487385.31,0.05,19.59
values_399,3006,36,1947,1867,4953,1903,53958.28,1012866.54,0.05,18.77
values_41,2784,36,1839,1759,4623,1795,49973.56,940434.75,0.05,18.82
values_102,4889,36,3198,3118,8087,3154,93994.93,1735318.91,0.05,18.46
values_510,4778,36,3125,3045,7903,3081,91589.31,1691920.81,0.05,18.47
values_202,3343,36,2168,2088,5511,2124,60910.70,1138400.03,0.05,18.69
values_735,685,36,401,321,1086,357,9209.04,207074.33,0.04,22.49
values_249,2798,36,1833,1753,4631,1789,50037.67,941781.38,0.05,18.82
values_85,3823,36,2529,2449,6352,2485,71644.40,1331725.75,0.05,18.59
values_79,2937,36,1926,1846,4863,1882,52899.96,993464.72,0.05,18.78
values_493,2270,36,1474,1394,3744,1430,39243.86,746928.28,0.05,19.03
values_525,4835,36,3157,3077,7992,3113,92739.89,1712719.13,0.05,18.47
values_71,2335,36,1517,1437,3852,1473,40540.53,770354.79,0.05,19.00
values_294,3304,36,2146,2066,5450,2102,60154.63,1124711.08,0.05,18.70
values_782,3506,36,2298,2218,5804,2254,64646.53,1205608.23,0.05,18.65
values_155,1154,36,714,634,1868,670,17536.82,355493.95,0.05,20.27
values_957,584,36,346,266,930,302,7661.72,179387.86,0.04,23.41
values_313,1138,36,720,640,1858,676,17466.83,353703.39,0.05,20.25
values_536,2875,36,1887,1807,4762,1843,51657.42,970999.33,0.05,18.80
values_710,2426,36,1582,1502,4008,1538,42432.05,804457.50,0.05,18.96
values_684,1072,36,660,580,1732,616,16050.07,328749.80,0.05,20.48
values_437,4491,36,2938,2858,7429,2894,85424.95,1580690.38,0.05,18.50
values_314,4508,36,3004,2924,7512,2960,86623.74,1601887.39,0.05,18.49
values_767,875,36,527,447,1402,483,12500.06,265269.79,0.05,21.22
values_491,5006,36,3318,3238,8324,3274,97198.00,1792789.88,0.05,18.44
values_299,3993,36,2576,2496,6569,2532,74269.52,1379699.15,0.05,18.58
values_600,4126,36,2690,2610,6816,2646,77495.18,1437669.12,0.05,18.55
values_63,3196,36,2065,1985,5261,2021,57770.27,1081773.79,0.05,18.73
values_196,4299,36,2799,2719,7098,2755,81114.78,1503025.03,0.05,18.53
values_254,3241,36,2098,2018,5339,2054,58751.53,1099451.38,0.05,18.71
values_20,2415,36,1572,1492,3987,1528,42172.21,799802.16,0.05,18.97
values_848,3577,36,2336,2256,5913,2292,66003.22,1230187.67,0.05,18.64
values_375,2297,36,1498,1418,3795,1454,39869.55,758140.11,0.05,19.02
values_871,3549,36,2316,2236,5865,2272,65393.27,1219192.54,0.05,18.64
values_822,2078,36,1332,1252,3410,1288,35228.43,674630.00,0.05,19.15
values_208,3437,36,2267,2187,5704,2223,63418.74,1183294.49,0.05,18.66
values_351,3774,36,2483,2403,6257,2439,70404.23,1309465.89,0.05,18.60
values_200,4232,36,2759,2679,6991,2715,79744.49,1478264.69,0.05,18.54
values_225,5104,36,3318,3238,8422,3274,98342.33,1813896.73,0.05,18.44
values_350,2245,36,1459,1379,3704,1415,38768.24,738311.39,0.05,19.04
values_265,884,36,536,456,1420,492,12698.37,268670.79,0.05,21.16
values_679,2641,36,1723,1643,4364,1679,46753.22,882534.59,0.05,18.88
values_918,4225,36,2741,2661,6966,2697,79392.48,1472027.80,0.05,18.54
values_210,3013,36,1968,1888,4981,1924,54342.18,1019606.62,0.05,18.76
values_597,4902,36,3190,3110,8092,3146,94023.40,1735956.14,0.05,18.46
values_160,656,36,389,309,1045,345,8809.82,199632.30,0.04,22.66
values_615,2888,36,1890,1810,4778,1846,51842.19,974404.09,0.05,18.80
values_412,4960,36,3254,3174,8214,3210,95679.61,1765641.48,0.05,18.45
values_349,3267,36,2131,2051,5398,2087,59524.91,1113240.54,0.05,18.70
values_387,4939,36,3205,3125,8144,3161,94683.49,1747932.98,0.05,18.46
values_633,1256,36,776,696,2032,732,19335.90,388051.55,0.05,20.07
values_999,255,36,118,38,373,74,2316.13,129459.26,0.02,55.89
values_479,721,36,430,350,1151,386,9889.92,218708.47,0.05,22.11
values_419,4384,36,2878,2798,7262,2834,83285.15,1541995.64,0.05,18.51
values_358,2040,36,1305,1225,3345,1261,34454.68,660686.05,0.05,19.18
values_74,3549,36,2326,2246,5875,2282,65541.99,1221777.36,0.05,18.64
values_861,3802,36,2508,2428,6310,2464,71093.42,1321845.75,0.05,18.59
values_734,4678,36,3034,2954,7712,2990,89042.21,1646165.60,0.05,18.49
values_127,1708,36,1082,1002,2790,1038,27954.66,543358.21,0.05,19.44
values_885,4867,36,3229,3149,8096,3185,94213.78,1738930.89,0.05,18.46
values_180,4256,36,2802,2722,7058,2758,80668.75,1494713.16,0.05,18.53
values_906,1871,36,1203,1123,3074,1159,31289.22,603327.41,0.05,19.28
values_286,4196,36,2724,2644,6920,2680,78805.08,1461410.99,0.05,18.54
values_275,1842,36,1173,1093,3015,1129,30574.60,590624.10,0.05,19.32
values_489,3936,36,2597,2517,6533,2553,73940.35,1373228.27,0.05,18.57
values_917,1804,36,1138,1058,2942,1094,29700.66,575036.18,0.05,19.36
values_190,4281,36,2813,2733,7094,2769,81120.95,1502919.19,0.05,18.53
values_480,2197,36,1431,1351,3628,1387,37868.16,721989.77,0.05,19.07
values_157,4780,36,3138,3058,7918,3094,91811.25,1695836.03,0.05,18.47
values_974,2173,36,1405,1325,3578,1361,37248.59,710956.20,0.05,19.09
values_507,1350,36,854,774,2204,810,21294.56,422919.84,0.05,19.86
values_518,3358,36,2184,2104,5542,2140,61313.34,1145603.54,0.05,18.68
values_648,3255,36,2128,2048,5383,2084,59348.33,1109999.16,0.05,18.70
values_116,3823,36,2517,2437,6340,2473,71464.77,1328593.80,0.05,18.59
values_195,2665,36,1743,1663,4408,1699,47299.91,892355.65,0.05,18.87
values_748,4555,36,2966,2886,7521,2922,86587.32,1601775.43,0.05,18.50
values_686,1232,36,766,686,1998,722,18972.72,381335.04,0.05,20.10
values_253,1292,36,823,743,2115,779,20315.59,405054.02,0.05,19.94
values_231,356,36,189,109,545,145,3913.05,122130.25,0.03,31.21
values_712,717,36,430,350,1147,386,9855.55,217948.41,0.05,22.11
values_72,2175,36,1391,1311,3566,1347,37070.47,707986.69,0.05,19.10
values_86,4714,36,3091,3011,7805,3047,90328.62,1669114.53,0.05,18.48
values_376,540,36,301,221,841,257,6732.73,165058.52,0.04,24.52
values_452,2135,36,1370,1290,3505,1326,36356.89,695008.49,0.05,19.12
values_471,1940,36,1254,1174,3194,1210,32709.09,628883.75,0.05,19.23
values_668,716,36,438,358,1154,394,9949.85,219118.99,0.05,22.02
values_921,4087,36,2650,2570,6737,2606,76448.93,1418915.85,0.05,18.56
values_490,528,36,296,216,824,252,6573.28,162140.87,0.04,24.67
values_154,3777,36,2489,2409,6266,2445,70527.71,1311657.26,0.05,18.60
values_285,1540,36,976,896,2516,932,24818.29,486615.80,0.05,19.61
values_833,3429,36,2230,2150,5659,2186,62781.39,1172113.87,0.05,18.67
values_948,1115,36,689,609,1804,645,16837.01,342877.88,0.05,20.36
values_110,1325,36,846,766,2171,802,20944.63,416377.10,0.05,19.88
values_555,4200,36,2728,2648,6928,2684,78911.09,1463312.01,0.05,18.54
values_996,352,36,177,97,529,133,3732.24,122586.91,0.03,32.85
values_853,4800,36,3145,3065,7945,3101,92150.22,1701998.10,0.05,18.47
values_949,3446,36,2240,2160,5686,2196,63118.37,1178209.50,0.05,18.67
values_774,2731,36,1774,1694,4505,1730,48458.29,913441.56,0.05,18.85
values_587,991,36,614,534,1605,570,14693.48,304105.57,0.05,20.70
values_142,3149,36,2033,1953,5182,1989,56783.46,1063970.31,0.05,18.74
values_75,4567,36,3005,2925,7572,2961,87319.31,1614735.55,0.05,18.49
values_188,1606,36,1013,933,2619,969,25981.40,507765.19,0.05,19.54
values_322,2331,36,1470,1390,3801,1426,39825.96,758125.81,0.05,19.04
values_650,2292,36,1497,1417,3789,1453,39802.76,756898.48,0.05,19.02
values_407,1578,36,998,918,2576,954,25496.85,498938.36,0.05,19.57
values_236,4182,36,2751,2671,6933,2707,79053.39,1465580.56,0.05,18.54
values_790,239,36,107,27,346,63,2068.14,147527.24,0.01,71.33
values_636,3061,36,2002,1922,5063,1958,55364.74,1038045.68,0.05,18.75
values_860,2740,36,1763,1683,4503,1719,48395.33,912523.79,0.05,18.86
values_594,1294,36,794,714,2088,750,19941.96,399174.34,0.05,20.02
values_604,915,36,557,477,1472,513,13252.14,278545.06,0.05,21.02
values_413,4681,36,3047,2967,7728,3003,89275.31,1650284.43,0.05,18.49
values_191,1781,36,1133,1053,2914,1089,29398.73,569380.51,0.05,19.37
values_378,4630,36,3041,2961,7671,2997,88594.71,1637790.28,0.05,18.49
values_344,4952,36,3227,3147,8179,3183,95172.25,1756649.22,0.05,18.46
values_914,918,36,557,477,1475,513,13279.15,279112.75,0.05,21.02
values_816,3505,36,2303,2223,5808,2259,64709.65,1206690.87,0.05,18.65
values_830,684,36,400,320,1084,356,9187.70,206723.14,0.04,22.50
values_440,3250,36,2123,2043,5373,2079,59219.45,1107690.77,0.05,18.70
values_638,1404,36,884,804,2288,840,22226.19,439879.60,0.05,19.79
values_713,2967,36,1967,1887,4934,1923,53825.71,1009938.08,0.05,18.76
values_743,1141,36,708,628,1849,664,17334.45,351767.84,0.05,20.29
values_446,999,36,614,534,1613,570,14766.72,305621.36,0.05,20.70
values_359,2225,36,1432,1352,3657,1388,38174.66,727803.32,0.05,19.07
values_667,1402,36,898,818,2300,854,22397.61,442585.58,0.05,19.76
values_342,303,36,153,73,456,109,3086.29,116433.54,0.03,37.73
values_696,4296,36,2810,2730,7106,2766,81247.06,1505302.64,0.05,18.53
values_55,747,36,446,366,1193,402,10320.70,226378.74,0.05,21.93
values_343,2553,36,1649,1569,4202,1605,44744.40,846464.78,0.05,18.92
values_757,3389,36,2207,2127,5596,2163,61997.07,1157919.80,0.05,18.68
values_971,961,36,586,506,1547,542,14050.08,292885.95,0.05,20.85
values_14,3273,36,2127,2047,5400,2083,59532.01,1113455.16,0.05,18.70
values_997,520,36,296,216,816,252,6509.46,160566.69,0.04,24.67
values_47,625,36,368,288,993,324,8281.47,190473.83,0.04,23
values_985,667,36,398,318,1065,354,9018.00,203160.22,0.04,22.53
values_177,1540,36,957,877,2497,913,24556.67,482341.24,0.05,19.64
values_229,2873,36,1877,1797,4750,1833,51489.96,968079.97,0.05,18.80
values_925,3368,36,2199,2119,5567,2155,61646.02,1151520.88,0.05,18.68
values_747,2977,36,1926,1846,4903,1882,53335.08,1001636.34,0.05,18.78
values_874,1861,36,1195,1115,3056,1151,31075.46,599491.65,0.05,19.29
values_91,1109,36,689,609,1798,645,16781.01,341737.48,0.05,20.36
values_64,1956,36,1249,1169,3205,1205,32802.59,630853.57,0.05,19.23
values_598,3268,36,2125,2045,5393,2081,59447.37,1111912.90,0.05,18.70
values_418,4982,36,3265,3185,8247,3221,96104.71,1773335.52,0.05,18.45
values_522,1554,36,990,910,2544,946,25149.21,492482.36,0.05,19.58
values_467,3727,36,2419,2339,6146,2375,68919.47,1282980.62,0.05,18.62
values_130,4718,36,3127,3047,7845,3083,90924.48,1679611.28,0.05,18.47
values_165,3749,36,2469,2389,6218,2425,69913.76,1300589.01,0.05,18.60
values_776,1657,36,1064,984,2721,1020,27194.64,529300.47,0.05,19.46
values_215,3990,36,2615,2535,6605,2571,74822.19,1389302.01,0.05,18.57
values_753,2626,36,1705,1625,4331,1661,46332.33,875039.50,0.05,18.89
values_403,2454,36,1574,1494,4028,1530,42613.48,808115.96,0.05,18.96
values_815,3068,36,2010,1930,5078,1966,55558.64,1041508.59,0.05,18.75
values_857,1178,36,742,662,1920,698,18138.40,365946.33,0.05,20.18
values_858,3823,36,2500,2420,6323,2456,71210.23,1324157.09,0.05,18.60
values_609,1564,36,986,906,2550,942,25192.94,493514.63,0.05,19.59
values_327,4223,36,2746,2666,6969,2702,79445.29,1472926.40,0.05,18.54
values_573,2923,36,1934,1854,4857,1890,52864.42,992619.23,0.05,18.78
values_402,4506,36,2958,2878,7464,2914,85901.57,1589208.94,0.05,18.50
values_396,683,36,407,327,1090,363,9269.17,207663.42,0.04,22.40
values_352,3618,36,2357,2277,5975,2313,66773.91,1244158.91,0.05,18.63
values_360,5109,36,3365,3285,8474,3321,99123.78,1827679.65,0.05,18.44
values_211,4986,36,3239,3159,8225,3195,95752.16,1767186.62,0.05,18.46
values_276,3235,36,2117,2037,5352,2073,58965.68,1103066.44,0.05,18.71
values_595,828,36,504,424,1332,460,11782.19,252094.46,0.05,21.40
values_714,4471,36,2933,2853,7404,2889,85119.01,1575104.43,0.05,18.50
values_134,5084,36,3353,3273,8437,3309,98646.92,1819045.57,0.05,18.44
values_602,4506,36,2931,2851,7437,2887,85490.96,1582017.53,0.05,18.51
values_658,1301,36,815,735,2116,771,20293.68,405045.33,0.05,19.96
values_226,4147,36,2706,2626,6853,2662,77975.45,1446317.00,0.05,18.55
values_11,3929,36,2554,2474,6483,2510,73215.58,1360495.75,0.05,18.58
values_501,2357,36,1513,1433,3870,1469,40714.79,773779.98,0.05,19.00
values_979,4646,36,3051,2971,7697,3007,88931.98,1643879.63,0.05,18.48
values_617,4945,36,3237,3157,8182,3193,95244.18,1757838.92,0.05,18.46
values_722,4909,36,3215,3135,8124,3171,94487.99,1744184.94,0.05,18.46
values_751,1093,36,679,599,1772,635,16498.41,336633.58,0.05,20.40
values_556,3430,36,2216,2136,5646,2172,62584.83,1168718.93,0.05,18.67
values_356,3493,36,2273,2193,5766,2229,64130.50,1196459.22,0.05,18.66
values_958,4217,36,2726,2646,6943,2682,79074.48,1466374.30,0.05,18.54
values_611,1087,36,671,591,1758,627,16335.90,333849.44,0.05,20.44
values_780,2035,36,1295,1215,3330,1251,34261.92,657321.36,0.05,19.19
values_938,4241,36,2769,2689,7010,2725,79998.40,1482811.62,0.05,18.54
values_464,5153,36,3370,3290,8523,3326,99715.46,1838522.66,0.05,18.44
values_704,290,36,140,60,430,96,2831.53,118924.42,0.02,42
values_709,3271,36,2129,2049,5400,2085,59539.49,1113554.11,0.05,18.70
values_649,2814,36,1817,1737,4631,1773,49977.64,941029.85,0.05,18.83
values_306,239,36,108,28,347,64,2082,144550.29,0.01,69.43
values_754,255,36,118,38,373,74,2316.13,129459.26,0.02,55.89
values_593,2884,36,1887,1807,4771,1843,51755.05,972834.48,0.05,18.80
values_740,2342,36,1504,1424,3846,1460,40428.20,768590.06,0.05,19.01
values_791,2670,36,1751,1671,4421,1707,47469.37,895355.85,0.05,18.86
values_482,3372,36,2216,2136,5588,2172,61941.91,1156712.96,0.05,18.67
values_567,703,36,405,325,1108,361,9413.41,211149.97,0.04,22.43
values_295,2635,36,1688,1608,4323,1644,46182.59,872644.08,0.05,18.90
values_311,2137,36,1352,1272,3489,1308,36122.13,691091.30,0.05,19.13
values_389,4876,36,3234,3154,8110,3190,94395.05,1742208.25,0.05,18.46
values_212,3241,36,2107,2027,5348,2063,58884.30,1101749.45,0.05,18.71
values_895,2043,36,1286,1206,3329,1242,34216.96,656761.32,0.05,19.19
values_162,2951,36,1933,1853,4884,1889,53154.56,998089.45,0.05,18.78
values_975,1702,36,1098,1018,2800,1054,28116.65,545871.69,0.05,19.41
values_49,1996,36,1263,1183,3259,1219,33409.58,642040.08,0.05,19.22
values_502,1538,36,989,909,2527,945,24977.30,489159.38,0.05,19.58
values_908,1584,36,1003,923,2587,959,25625.24,501232.95,0.05,19.56
values_606,3949,36,2586,2506,6535,2542,73922.28,1373078.24,0.05,18.57
values_141,5095,36,3340,3260,8435,3296,98575.63,1817903.99,0.05,18.44
values_865,1559,36,964,884,2523,920,24840.17,487586.71,0.05,19.63
values_347,2922,36,1869,1789,4791,1825,51904.16,976053.61,0.05,18.80
values_889,2117,36,1355,1275,3472,1311,35957.60,687847.76,0.05,19.13
values_698,1304,36,812,732,2116,768,20281.78,404970.64,0.05,19.97
values_432,4829,36,3161,3081,7990,3117,92731.48,1712507.55,0.05,18.47
values_994,390,36,206,126,596,162,4374.55,128736.77,0.03,29.43
values_953,4874,36,3201,3121,8075,3157,93866.53,1732906.74,0.05,18.46
values_301,2189,36,1408,1328,3597,1364,37457.82,714857.67,0.05,19.08
values_801,2210,36,1408,1328,3618,1364,37676.51,719031.15,0.05,19.08
values_465,918,36,551,471,1469,507,13200.20,277960.94,0.05,21.06
values_62,502,36,287,207,789,243,6252.68,156045.07,0.04,24.96
values_394,4418,36,2887,2807,7305,2843,83811.71,1551606.53,0.05,18.51
values_570,4189,36,2755,2675,6944,2711,79193.61,1468116.26,0.05,18.54
values_331,892,36,553,473,1445,509,12992.75,273424.58,0.05,21.04
values_80,808,36,487,407,1295,443,11384.56,245201.52,0.05,21.54
values_319,2161,36,1389,1309,3550,1345,36896.54,704726.66,0.05,19.10
values_261,2399,36,1563,1483,3962,1519,41874.01,794391.97,0.05,18.97
values_697,1691,36,1066,986,2757,1022,27562.22,536373.18,0.05,19.46
values_961,4226,36,2766,2686,6992,2722,79781.88,1478845.88,0.05,18.54
values_685,3611,36,2381,2301,5992,2337,67053.13,1248919.16,0.05,18.63
values_884,1722,36,1079,999,2801,1035,28053.18,545394.21,0.05,19.44
values_383,2914,36,1901,1821,4815,1857,52284.92,982474.14,0.05,18.79
values_809,1318,36,824,744,2142,780,20578.90,410250.36,0.05,19.94
values_652,4801,36,3143,3063,7944,3099,92131.23,1701675.58,0.05,18.47
values_761,3647,36,2365,2285,6012,2321,67217.35,1252272.49,0.05,18.63
values_123,2016,36,1293,1213,3309,1249,34038.22,653096.06,0.05,19.19
values_945,1335,36,830,750,2165,786,20823.80,414810.19,0.05,19.92
values_677,3321,36,2168,2088,5489,2124,60667.55,1133855.52,0.05,18.69
values_772,1791,36,1138,1058,2929,1094,29569.42,572495.23,0.05,19.36
values_759,3274,36,2133,2053,5407,2089,59631.62,1115195.58,0.05,18.70
values_150,4388,36,2903,2823,7291,2859,83710.12,1549482.35,0.05,18.51
values_369,3560,36,2310,2230,5870,2266,65426.62,1219927.77,0.05,18.65
values_558,3204,36,2094,2014,5298,2050,58285.46,1090812.11,0.05,18.71
values_750,2760,36,1775,1695,4535,1731,48784.76,919571.21,0.05,18.85
values_496,4232,36,2742,2662,6974,2698,79487.38,1473771.33,0.05,18.54
values_460,3134,36,2043,1963,5177,1999,56766.13,1063432.33,0.05,18.73
values_788,3654,36,2376,2296,6030,2332,67459.73,1256584.43,0.05,18.63
values_509,4447,36,2908,2828,7355,2864,84463.47,1563350.64,0.05,18.51
values_167,3243,36,2091,2011,5334,2047,58670.24,1098075.86,0.05,18.72
values_135,3350,36,2197,2117,5547,2153,61417.12,1147284.56,0.05,18.68
values_273,1652,36,1040,960,2692,996,26812.33,522840.34,0.05,19.50
values_768,2151,36,1382,1302,3533,1338,36693.25,701060.93,0.05,19.11
values_528,3906,36,2556,2476,6462,2512,72985.84,1356192.44,0.05,18.58
values_39,4255,36,2771,2691,7026,2727,80188.43,1486302.00,0.05,18.54
values_981,604,36,345,265,949,301,7813.71,183106.07,0.04,23.43
values_506,870,36,529,449,1399,485,12481.66,264700.05,0.05,21.21
values_520,2931,36,1925,1845,4856,1881,52820.09,991987.09,0.05,18.78
values_228,3933,36,2570,2490,6503,2526,73501.06,1365525.73,0.05,18.58
values_875,903,36,549,469,1452,505,13039.16,274739.88,0.05,21.07
values_745,3992,36,2588,2508,6580,2544,74438.77,1382637.82,0.05,18.57
values_680,3563,36,2321,2241,5884,2277,65623.77,1223395.80,0.05,18.64
values_523,2397,36,1555,1475,3952,1511,41738.21,792035.59,0.05,18.98
values_90,2132,36,1378,1298,3510,1334,36439.22,696331.52,0.05,19.11
values_386,1851,36,1180,1100,3031,1136,30763.88,594022.62,0.05,19.31
values_898,1476,36,943,863,2419,899,23735.66,466847.09,0.05,19.67
values_401,4633,36,3031,2951,7664,2987,88476.91,1635758.41,0.05,18.49
values_915,4928,36,3236,3156,8164,3192,95030.96,1753917.41,0.05,18.46
values_899,1070,36,662,582,1732,618,16058.17,328778.70,0.05,20.47
values_475,3563,36,2344,2264,5907,2300,65965.94,1229344.04,0.05,18.64
values_187,4719,36,3116,3036,7835,3072,90768.18,1676879.36,0.05,18.47
values_397,2581,36,1664,1584,4245,1620,45259.25,855811.24,0.05,18.91
values_53,1927,36,1237,1157,3164,1193,32337.28,622317.90,0.05,19.24
values_571,2044,36,1310,1230,3354,1266,34566.53,662665.69,0.05,19.17
values_828,838,36,502,422,1340,458,11844.53,253618.96,0.05,21.41
values_251,726,36,429,349,1155,385,9919.97,219489.89,0.05,22.13
values_977,4405,36,2869,2789,7274,2825,83389.39,1544064.17,0.05,18.52
values_148,1468,36,919,839,2387,875,23328.48,459952.05,0.05,19.72
values_661,3438,36,2217,2137,5655,2173,62688.35,1170632.27,0.05,18.67
values_94,4244,36,2831,2751,7075,2787,80969.82,1499840.06,0.05,18.52
values_136,1041,36,643,563,1684,599,15537.28,319411.11,0.05,20.56
values_508,294,36,150,70,444,106,2987.20,115220.44,0.03,38.57
values_504,3374,36,2188,2108,5562,2144,61549.59,1149937.84,0.05,18.68
values_890,618,36,367,287,985,323,8210.36,188981.31,0.04,23.02
values_725,1554,36,1002,922,2556,958,25314.32,495194.26,0.05,19.56
values_987,977,36,583,503,1560,539,14155.66,295327.04,0.05,20.86
values_193,4624,36,3045,2965,7669,3001,88586.36,1637577.96,0.05,18.49
values_956,1632,36,1039,959,2671,995,26599.29,518727.84,0.05,19.50
values_851,3662,36,2359,2279,6021,2315,67295.49,1253839.91,0.05,18.63
values_338,4863,36,3167,3087,8030,3123,93218.00,1721407.55,0.05,18.47
values_980,4244,36,2783,2703,7027,2739,80244.36,1487147.96,0.05,18.53
values_575,2478,36,1591,1511,4069,1547,43112.10,817104.17,0.05,18.95
values_619,750,36,449,369,1199,405,10385.47,227467.17,0.05,21.90
values_703,2602,36,1667,1587,4269,1623,45526.53,860786.97,0.05,18.91
values_715,4256,36,2776,2696,7032,2732,80275.50,1487836.05,0.05,18.53
values_170,1819,36,1157,1077,2976,1113,30117.83,582389.86,0.05,19.34
values_181,2840,36,1845,1765,4685,1801,50666.32,953330.57,0.05,18.82
values_557,1996,36,1272,1192,3268,1228,33536.53,644171.39,0.05,19.21
values_456,1778,36,1137,1057,2915,1093,29424.24,569722.25,0.05,19.36
values_256,4012,36,2592,2512,6604,2548,74725.25,1387890.59,0.05,18.57
values_737,809,36,495,415,1304,451,11497.35,246846.65,0.05,21.47
values_183,780,36,484,404,1264,440,11099.64,239356.56,0.05,21.56
values_727,4681,36,3048,2968,7729,3004,89290.58,1650552.01,0.05,18.49
values_826,3096,36,2015,1935,5111,1971,55938.42,1048520.21,0.05,18.74
values_805,316,36,163,83,479,119,3302.62,116745.55,0.03,35.35
values_947,4630,36,3026,2946,7656,2982,88366.05,1633782.01,0.05,18.49
values_281,4973,36,3252,3172,8225,3208,95800.35,1767896.92,0.05,18.45
values_760,504,36,286,206,790,242,6255.90,156336.81,0.04,24.99
values_426,1389,36,884,804,2273,840,22080.48,436995.77,0.05,19.79
values_618,3972,36,2609,2529,6581,2565,74528.13,1383942.37,0.05,18.57
values_7,1425,36,898,818,2323,854,22621.59,447011.43,0.05,19.76
values_31,826,36,508,428,1334,464,11816.55,252454.45,0.05,21.36
values_293,1264,36,796,716,2060,752,19682.45,393868.98,0.05,20.01
values_93,1371,36,875,795,2246,831,21783.29,431555.76,0.05,19.81
values_477,2837,36,1827,1747,4664,1783,50371.62,948209.07,0.05,18.82
values_100,1656,36,1067,987,2723,1023,27226.16,529792.97,0.05,19.46
values_364,3818,36,2515,2435,6333,2471,71378.48,1327024.12,0.05,18.59
values_909,4316,36,2825,2745,7141,2781,81702.95,1513513.70,0.05,18.52
values_541,2381,36,1543,1463,3924,1499,41397.36,785898.93,0.05,18.98
values_990,3633,36,2368,2288,6001,2324,67105.55,1250134.13,0.05,18.63
values_252,1065,36,662,582,1727,618,16011.82,327829.57,0.05,20.47
values_835,4637,36,3047,2967,7684,3003,88767.02,1640888.40,0.05,18.49
values_421,1147,36,715,635,1862,671,17484.49,354370.78,0.05,20.27
values_781,1048,36,656,576,1704,612,15774.59,323379.07,0.05,20.50
values_866,2567,36,1648,1568,4215,1604,44879.04,849038.11,0.05,18.92
values_186,2265,36,1445,1365,3710,1401,38777.82,738909.13,0.05,19.05
values_330,4668,36,3084,3004,7752,3040,89689.52,1657405.02,0.05,18.48
values_643,699,36,423,343,1122,379,9611.11,213349.89,0.05,22.20
values_108,1976,36,1277,1197,3253,1233,33401.66,641412.41,0.05,19.20
values_527,3575,36,2316,2236,5891,2272,65683.16,1224597.31,0.05,18.64
values_473,1387,36,874,794,2261,830,21924.84,434410.12,0.05,19.81
values_474,1304,36,820,740,2124,776,20390.21,406702.12,0.05,19.95
values_439,2875,36,1882,1802,4757,1838,51584.53,969743.41,0.05,18.80
values_855,2097,36,1336,1256,3433,1292,35481.40,679344.42,0.05,19.15
values_280,642,36,383,303,1025,339,8615.27,196018.72,0.04,22.75
values_626,846,36,512,432,1358,468,12045.96,256980.38,0.05,21.33
values_38,4529,36,2958,2878,7487,2914,86166.27,1594106.02,0.05,18.50
values_670,2634,36,1691,1611,4325,1647,46215.33,873185.68,0.05,18.89
values_266,1612,36,1040,960,2652,996,26413.93,515071.54,0.05,19.50
values_551,1305,36,818,738,2123,774,20372.71,406460.43,0.05,19.95
values_554,3032,36,1962,1882,4994,1918,54461.50,1021977.91,0.05,18.77
values_445,479,36,263,183,742,219,5768.89,149234.62,0.04,25.87
values_58,1818,36,1172,1092,2990,1128,30317.26,585689.46,0.05,19.32
values_599,968,36,597,517,1565,553,14258.93,296376.08,0.05,20.79
values_978,1622,36,1016,936,2638,972,26181.66,511549.27,0.05,19.54
values_517,4294,36,2791,2711,7085,2747,80936.50,1499847.95,0.05,18.53
values_705,1530,36,972,892,2502,928,24664.67,483781.43,0.05,19.61
values_78,2666,36,1726,1646,4392,1682,47064.51,888335.38,0.05,18.87
values_758,4792,36,3141,3061,7933,3097,91996.27,1699211.07,0.05,18.47
values_50,2382,36,1533,1453,3915,1489,41264.60,783658.23,0.05,18.99
values_837,609,36,359,279,968,315,8033.63,186069.31,0.04,23.16
values_448,4613,36,3025,2945,7638,2981,88154.59,1629887.13,0.05,18.49
values_738,1778,36,1137,1057,2915,1093,29424.24,569722.25,0.05,19.36
values_580,4524,36,2969,2889,7493,2925,86276.06,1595972.67,0.05,18.50
values_832,5160,36,3355,3275,8515,3311,99566.33,1835972.76,0.05,18.44
values_339,2440,36,1569,1489,4009,1525,42393.55,804082.28,0.05,18.97
values_462,1297,36,794,714,2091,750,19970.61,399747.87,0.05,20.02
values_414,2823,36,1823,1743,4646,1779,50162.17,944361.11,0.05,18.83
values_631,3547,36,2345,2265,5892,2301,65802.12,1226272.67,0.05,18.64
values_521,2539,36,1641,1561,4180,1597,44480.00,841672.18,0.05,18.92
values_374,4180,36,2765,2685,6945,2721,79241.90,1468852.71,0.05,18.54
values_370,1162,36,704,624,1866,660,17477.56,354928.85,0.05,20.31
values_941,1945,36,1241,1161,3186,1197,32577.51,626801.41,0.05,19.24
values_227,2615,36,1705,1625,4320,1661,46214.65,872817.05,0.05,18.89
values_469,828,36,504,424,1332,460,11782.19,252094.46,0.05,21.40
values_250,2149,36,1389,1309,3538,1345,36771.82,702344.48,0.05,19.10
values_470,2482,36,1615,1535,4097,1571,43499.76,823803.35,0.05,18.94
values_245,3186,36,2038,1958,5224,1994,57262.61,1072840.50,0.05,18.74
values_296,589,36,334,254,923,290,7550.06,178704.48,0.04,23.67
values_881,2799,36,1819,1739,4618,1775,49844.86,938482.12,0.05,18.83
values_530,1567,36,1002,922,2569,958,25443.07,497712.86,0.05,19.56
values_534,1373,36,854,774,2227,810,21516.78,427333.26,0.05,19.86
values_3,832,36,504,424,1336,460,11817.57,252851.50,0.05,21.40
values_114,696,36,401,321,1097,357,9302.32,209171.77,0.04,22.49
values_367,3262,36,2137,2057,5399,2093,59558.29,1113743.00,0.05,18.70
values_545,2917,36,1876,1796,4793,1832,51952.30,976795.88,0.05,18.80
values_304,5039,36,3297,3217,8336,3253,97260.74,1794229.36,0.05,18.45
values_13,2427,36,1558,1478,3985,1514,42098.14,798782.22,0.05,18.97
values_535,3434,36,2223,2143,5657,2179,62733.02,1171348.16,0.05,18.67
values_83,2838,36,1846,1766,4684,1802,50659.26,953174.26,0.05,18.82
values_820,2294,36,1461,1381,3755,1417,39309.68,748563.40,0.05,19.04
values_216,3899,36,2601,2521,6500,2557,73581.54,1366497.58,0.05,18.57
values_149,846,36,529,449,1375,485,12267.53,260159.09,0.05,21.21
values_1,4036,36,2620,2540,6656,2576,75418.58,1400291.48,0.05,18.57
values_194,4602,36,3050,2970,7652,3006,88408.37,1634215.35,0.05,18.48
values_607,4000,36,2624,2544,6624,2580,75070.82,1393767.70,0.05,18.57
values_950,701,36,419,339,1120,375,9576.84,213063.42,0.04,22.25
values_282,1872,36,1206,1126,3078,1162,31341.41,604226.75,0.05,19.28
values_547,785,36,477,397,1262,433,11052.88,239042.84,0.05,21.63
values_223,3288,36,2112,2032,5400,2068,59475.71,1112710.93,0.05,18.71
values_660,1162,36,740,660,1902,696,17960.48,362475.11,0.05,20.18
values_21,4168,36,2738,2658,6906,2694,78697.56,1459191.30,0.05,18.54
values_217,3363,36,2191,2111,5554,2147,61472.26,1148433.50,0.05,18.68
values_32,1674,36,1055,975,2729,1011,27239.70,530545.49,0.05,19.48
values_336,2974,36,1938,1858,4912,1894,53478.03,1004051.41,0.05,18.78
values_305,5056,36,3292,3212,8348,3248,97382.22,1796538.32,0.05,18.45
values_688,725,36,433,353,1158,389,9963.00,219976.25,0.05,22.08
values_453,3207,36,2072,1992,5279,2028,57994.26,1085820.23,0.05,18.72
values_859,1918,36,1227,1147,3145,1183,32104.90,618194.21,0.05,19.26
values_391,4834,36,3161,3081,7995,3117,92789.51,1713579.20,0.05,18.47
values_888,3102,36,2008,1928,5110,1964,55901.25,1047974.47,0.05,18.75
values_168,2384,36,1552,1472,3936,1508,41557.94,788697.50,0.05,18.98
values_910,3870,36,2520,2440,6390,2476,72039.55,1339227.12,0.05,18.59
values_185,2411,36,1554,1474,3965,1510,41871.72,794596.84,0.05,18.98
values_156,3840,36,2530,2450,6370,2486,71851.12,1335551.01,0.05,18.59
values_22,2236,36,1423,1343,3659,1379,38161.20,727819.03,0.05,19.07
values_919,668,36,395,315,1063,351,8988.01,202872.29,0.04,22.57
values_807,3279,36,2153,2073,5432,2109,59982.01,1121342.40,0.05,18.69
values_179,1144,36,712,632,1856,668,17416.16,353173.17,0.05,20.28
values_799,4029,36,2635,2555,6664,2591,75565.05,1402759.43,0.05,18.56
values_173,1566,36,1010,930,2576,966,25543.31,499330.42,0.05,19.55
values_332,742,36,452,372,1194,408,10354.88,226471.16,0.05,21.87
values_729,1642,36,1031,951,2673,987,26588.08,518845.00,0.05,19.51
values_121,621,36,369,289,990,325,8260.85,189856.70,0.04,22.98
values_942,3491,36,2257,2177,5748,2213,63870.56,1191917.87,0.05,18.66
values_312,3971,36,2616,2536,6587,2572,74621.98,1385567.77,0.05,18.57
values_9,3605,36,2350,2270,5955,2306,66524.36,1239638.91,0.05,18.63
values_911,3806,36,2509,2429,6315,2465,71153.45,1322944.54,0.05,18.59
values_802,438,36,239,159,677,195,5150.16,139345.91,0.04,27.06
values_813,4080,36,2659,2579,6739,2615,76505.14,1419809.61,0.05,18.56
values_711,3722,36,2430,2350,6152,2386,69027.77,1284797.68,0.05,18.61
values_931,3769,36,2466,2386,6235,2422,70093.76,1303990.80,0.05,18.60
values_778,388,36,204,124,592,160,4334.58,128359.54,0.03,29.61
values_897,3982,36,2627,2547,6609,2583,74911.90,1390767.30,0.05,18.57
values_699,2259,36,1464,1384,3723,1420,38986.05,742312.36,0.05,19.04
values_877,4611,36,3033,2953,7644,2989,88253.40,1631597.03,0.05,18.49
values_288,550,36,307,227,857,263,6889.35,167711.75,0.04,24.34
values_126,1341,36,856,776,2197,812,21234.74,421630.05,0.05,19.86
values_586,1833,36,1190,1110,3023,1146,30720.91,592830.51,0.05,19.30
values_259,1529,36,959,879,2488,915,24476.02,480665.56,0.05,19.64
values_106,5028,36,3320,3240,8348,3276,97485.60,1798067.80,0.05,18.44
values_405,3462,36,2228,2148,5690,2184,63117.79,1178433.79,0.05,18.67
values_867,5044,36,3287,3207,8331,3243,97165.40,1792606.14,0.05,18.45
values_838,3835,36,2513,2433,6348,2469,71540.13,1330064.15,0.05,18.59
values_964,4196,36,2711,2631,6907,2667,78608.58,1457978.55,0.05,18.55
values_219,3291,36,2147,2067,5438,2103,60025.91,1122284.17,0.05,18.70
values_6,2348,36,1500,1420,3848,1456,40433.99,768815.37,0.05,19.01
values_272,803,36,468,388,1271,424,11093.19,240847.95,0.05,21.71
values_581,1445,36,899,819,2344,855,22830.05,451081.56,0.05,19.76
values_113,2062,36,1327,1247,3389,1283,34992.46,670272.58,0.05,19.15
values_409,2200,36,1420,1340,3620,1376,37743.08,719935.14,0.05,19.07
values_76,3110,36,2004,1924,5114,1960,55929.97,1048599.66,0.05,18.75
values_962,2987,36,1941,1861,4928,1897,53663.48,1007466.15,0.05,18.77
values_724,2251,36,1453,1373,3704,1409,38745.53,738055.76,0.05,19.05
values_197,1991,36,1275,1195,3266,1231,33527.50,643896.31,0.05,19.21
values_18,4611,36,3044,2964,7655,3000,88420.97,1634534.95,0.05,18.49
values_590,3123,36,2027,1947,5150,1983,56410.37,1057107.64,0.05,18.74
values_537,1434,36,905,825,2339,861,22804.94,450294.00,0.05,19.75
values_627,2535,36,1632,1552,4167,1588,44307.69,838648.67,0.05,18.93
values_657,3589,36,2308,2228,5897,2264,65720.05,1225437.05,0.05,18.65
values_624,3767,36,2466,2386,6233,2422,70071.28,1303572.51,0.05,18.60
values_514,2213,36,1443,1363,3656,1399,38205.86,728069.69,0.05,19.06
values_864,1895,36,1193,1113,3088,1149,31393.11,605692.43,0.05,19.29
values_591,1780,36,1124,1044,2904,1080,29263.07,567098.16,0.05,19.38
values_923,993,36,606,526,1599,562,14605.95,302892.92,0.05,20.74
values_783,1531,36,965,885,2496,921,24578.26,482400.33,0.05,19.63
values_612,621,36,363,283,984,319,8184.33,188962.68,0.04,23.09
values_169,1042,36,649,569,1691,605,15626.18,320817.25,0.05,20.53
values_408,1771,36,1140,1060,2911,1096,29395.37,569050.02,0.05,19.36
values_601,1482,36,918,838,2400,874,23451.57,462426.99,0.05,19.72
values_120,2410,36,1574,1494,3984,1530,42147.99,799288.48,0.05,18.96
values_576,1161,36,727,647,1888,683,17776.92,359549.89,0.05,20.23
values_845,5056,36,3301,3221,8357,3257,97520.57,1798968.48,0.05,18.45
values_415,3913,36,2559,2479,6472,2515,73109.93,1358446.79,0.05,18.58
values_213,4348,36,2856,2776,7204,2812,82538.97,1528517.10,0.05,18.52
values_246,2637,36,1702,1622,4339,1658,46406.60,876518.16,0.05,18.89
values_893,4995,36,3285,3205,8280,3241,96563.21,1781523.42,0.05,18.45
values_159,760,36,449,369,1209,405,10472.09,229364.31,0.05,21.90
values_363,1415,36,892,812,2307,848,22442.31,443760.80,0.05,19.77
values_308,4923,36,3235,3155,8158,3191,94957.43,1752574.06,0.05,18.46
values_967,2041,36,1293,1213,3334,1249,34295.38,658030.30,0.05,19.19
values_622,1209,36,757,677,1966,713,18633.27,375032.46,0.05,20.13
values_277,1158,36,710,630,1868,666,17520.68,355419.48,0.05,20.29
values_436,1185,36,735,655,1920,691,18110.48,365804.06,0.05,20.20
values_516,3617,36,2331,2251,5948,2287,66375.16,1237214.17,0.05,18.64
values_278,3102,36,2012,1932,5114,1968,55960.02,1048989.68,0.05,18.75
values_894,1275,36,787,707,2062,743,19665.74,394038.10,0.05,20.04
values_730,3479,36,2261,2181,5740,2217,63796.62,1190460.65,0.05,18.66
values_731,1435,36,912,832,2347,868,22910.36,452039.04,0.05,19.73
values_666,1689,36,1075,995,2764,1031,27667.17,538049.92,0.05,19.45
values_271,3227,36,2092,2012,5319,2048,58509,1095037.23,0.05,18.72
values_392,1964,36,1244,1164,3208,1200,32814.05,631247.61,0.05,19.24
values_16,3535,36,2308,2228,5843,2264,65118.24,1214215.48,0.05,18.65
values_283,679,36,400,320,1079,356,9145.32,205769.62,0.04,22.50
values_485,4296,36,2824,2744,7120,2780,81458.99,1509009.95,0.05,18.52
values_434,5112,36,3337,3257,8449,3293,98728.14,1820756.72,0.05,18.44
values_321,4832,36,3159,3079,7991,3115,92735.69,1712613.38,0.05,18.47
values_653,1409,36,889,809,2298,845,22343.01,441944.22,0.05,19.78
values_122,4380,36,2875,2795,7255,2831,83193.78,1540349.98,0.05,18.52
values_40,2437,36,1566,1486,4003,1522,42318.73,802745.79,0.05,18.97
values_269,3053,36,1995,1915,5048,1951,55174.63,1034632.36,0.05,18.75
values_131,925,36,568,488,1493,524,13486.90,282561.62,0.05,20.95
values_461,2290,36,1449,1369,3739,1405,39096.31,744857.51,0.05,19.05
values_651,3362,36,2182,2102,5544,2138,61327.98,1145917.17,0.05,18.69
values_214,3734,36,2471,2391,6205,2427,69774.97,1297971.97,0.05,18.60
values_2,1627,36,1013,933,2640,969,26189.73,511836.62,0.05,19.54
values_287,553,36,312,232,865,268,6977.17,168895.56,0.04,24.21
values_785,2119,36,1381,1301,3500,1337,36346.74,694471.44,0.05,19.11
values_723,2051,36,1320,1240,3371,1276,34780.00,666429.64,0.05,19.16
values_390,3864,36,2534,2454,6398,2490,72181.79,1341628.25,0.05,18.59
values_823,3853,36,2532,2452,6385,2488,72027.72,1338799.11,0.05,18.59
values_442,3387,36,2204,2124,5591,2160,61930.48,1156735.33,0.05,18.68
values_182,3631,36,2381,2301,6012,2337,67276.94,1253087.78,0.05,18.63
values_291,2553,36,1639,1559,4192,1595,44600.12,843997.84,0.05,18.92
values_656,953,36,581,501,1534,537,13911.51,290392.27,0.05,20.87
values_224,3793,36,2482,2402,6275,2438,70603.05,1313181.50,0.05,18.60
values_247,2113,36,1355,1275,3468,1311,35916.18,687055.31,0.05,19.13
values_578,3678,36,2405,2325,6083,2361,68161.12,1269116.16,0.05,18.62
values_60,4814,36,3170,3090,7984,3126,92695.05,1711708.68,0.05,18.47
values_546,3490,36,2310,2230,5800,2266,64646.41,1205380.08,0.05,18.65
values_642,4040,36,2646,2566,6686,2602,75855.38,1407965.71,0.05,18.56
values_796,1482,36,952,872,2434,908,23917.82,470018.06,0.05,19.65
values_616,243,36,108,28,351,64,2106,146216.57,0.01,69.43
values_505,4976,36,3237,3157,8213,3193,95605.04,1764499.03,0.05,18.46
values_538,3008,36,1938,1858,4946,1894,53848.19,1011001.28,0.05,18.78
values_863,4690,36,3086,3006,7776,3042,89974.58,1662643.95,0.05,18.48
values_550,3443,36,2220,2140,5663,2176,62788.30,1172439.51,0.05,18.67
values_99,492,36,269,189,761,225,5946.29,152338.22,0.04,25.62
values_678,830,36,503,423,1333,459,11786.85,252288.81,0.05,21.40
values_779,3418,36,2224,2144,5642,2180,62570.41,1168292.36,0.05,18.67
values_733,334,36,174,94,508,130,3567.36,118861.49,0.03,33.32
values_628,926,36,567,487,1493,523,13482.79,282557.11,0.05,20.96
values_883,2548,36,1655,1575,4203,1611,44777.67,846937.69,0.05,18.91
values_298,4531,36,3003,2923,7534,2959,86873.76,1606525.48,0.05,18.49
values_901,2838,36,1846,1766,4684,1802,50659.26,953174.26,0.05,18.82
values_385,4850,36,3166,3086,8016,3122,93051.77,1718352.01,0.05,18.47
values_48,3832,36,2499,2419,6331,2455,71296.60,1325780.81,0.05,18.60
values_128,2515,36,1608,1528,4123,1564,43749.26,828716.26,0.05,18.94
values_676,1736,36,1091,1011,2827,1047,28360.59,550885.59,0.05,19.42
values_220,701,36,412,332,1113,368,9486.72,211908.28,0.04,22.34
values_836,4533,36,2953,2873,7486,2909,86136.22,1593624.98,0.05,18.50
values_766,3200,36,2081,2001,5281,2037,58049.97,1086674.51,0.05,18.72
values_637,2889,36,1889,1809,4778,1845,51838.46,974356.68,0.05,18.80
values_819,620,36,366,286,986,322,8214.28,189215.75,0.04,23.03
values_856,3897,36,2527,2447,6424,2483,72449.03,1346716.99,0.05,18.59
values_905,4590,36,3011,2931,7601,2967,87675.93,1621241.97,0.05,18.49
values_539,2245,36,1445,1365,3690,1401,38568.77,734925.80,0.05,19.05
values_732,2528,36,1636,1556,4164,1592,44290.90,838225.30,0.05,18.93
values_988,4334,36,2820,2740,7154,2776,81833.12,1516003.29,0.05,18.53
values_902,2840,36,1863,1783,4703,1819,50928.46,957843.45,0.05,18.81
values_109,1181,36,730,650,1911,686,18005.57,363989.44,0.05,20.22
values_262,4400,36,2889,2809,7289,2845,83635.54,1548314.44,0.05,18.51
values_531,4084,36,2674,2594,6758,2630,76776.60,1424599.67,0.05,18.56
values_204,4776,36,3119,3039,7895,3075,91474.40,1689883.37,0.05,18.47
values_207,2306,36,1477,1397,3783,1433,39664.09,754838.49,0.05,19.03
values_993,499,36,277,197,776,233,6102.61,154454.85,0.04,25.31
values_69,3596,36,2336,2256,5932,2292,66215.31,1234140.59,0.05,18.64
values_46,1349,36,845,765,2194,801,21162.57,420761.78,0.05,19.88
values_654,3444,36,2237,2157,5681,2193,63051.66,1177022.75,0.05,18.67
values_955,4170,36,2732,2652,6902,2688,78629.77,1458030.85,0.05,18.54
values_795,469,36,258,178,727,214,5628.05,146835.10,0.04,26.09
values_24,4001,36,2593,2513,6594,2549,74615.83,1385841.31,0.05,18.57
values_237,4951,36,3283,3203,8234,3239,96019.41,1771517.72,0.05,18.45
values_172,450,36,246,166,696,202,5330.12,142179.22,0.04,26.67
values_361,4733,36,3106,3026,7839,3062,90777.65,1677196.52,0.05,18.48
values_984,3672,36,2414,2334,6086,2370,68228.15,1270201.11,0.05,18.62
values_424,1087,36,671,591,1758,627,16335.90,333849.44,0.05,20.44
values_478,480,36,275,195,755,231,5928.07,150481.79,0.04,25.38
values_533,3572,36,2328,2248,5900,2284,65828.35,1227077.87,0.05,18.64
values_912,3359,36,2184,2104,5543,2140,61324.40,1145810.25,0.05,18.68
values_431,2934,36,1921,1841,4855,1877,52794.30,991592.31,0.05,18.78
values_318,2422,36,1566,1486,3988,1522,42160.15,799737.75,0.05,18.97
values_842,2985,36,1945,1865,4930,1901,53700.24,1008067.17,0.05,18.77
values_934,4396,36,2897,2817,7293,2853,83710.98,1549589.19,0.05,18.51
values_248,2403,36,1546,1466,3949,1502,41672.49,791038.24,0.05,18.98
values_395,4683,36,3104,3024,7787,3060,90168.13,1665963.60,0.05,18.48
values_300,4145,36,2726,2646,6871,2682,78254.46,1451167.77,0.05,18.54
values_868,4200,36,2743,2663,6943,2699,79137.77,1467273.04,0.05,18.54
values_565,1945,36,1231,1151,3176,1187,32436.82,624443.99,0.05,19.25
values_765,4785,36,3149,3069,7934,3105,92037.40,1699857.82,0.05,18.47
values_589,731,36,428,348,1159,384,9949.97,220271.78,0.05,22.14
values_800,967,36,587,507,1554,543,14117.79,294218.13,0.05,20.84
values_411,698,36,411,331,1109,367,9448.28,211173.26,0.04,22.35
values_932,5008,36,3353,3273,8361,3309,97758.31,1802659.72,0.05,18.44
values_235,3319,36,2175,2095,5494,2131,60748.89,1135235.78,0.05,18.69
values_577,5056,36,3301,3221,8357,3257,97520.57,1798968.48,0.05,18.45
values_95,1940,36,1233,1153,3173,1189,32413.89,623932.17,0.05,19.25
values_257,2574,36,1665,1585,4239,1621,45199.05,854647.04,0.05,18.91
values_588,1101,36,691,611,1792,647,16733.02,340630.58,0.05,20.36
values_303,4301,36,2817,2737,7118,2773,81410.22,1508215.73,0.05,18.53
values_42,1452,36,917,837,2369,873,23144.75,456424.34,0.05,19.72
values_37,4921,36,3219,3139,8140,3175,94688.88,1747837.92,0.05,18.46
values_561,2465,36,1597,1517,4062,1553,43060.62,815966.12,0.05,18.95
values_529,3812,36,2488,2408,6300,2444,70906.68,1318722.91,0.05,18.60
values_270,2919,36,1895,1815,4814,1851,52251.59,981984.34,0.05,18.79
values_937,4175,36,2749,2669,6924,2705,78943.38,1463573.05,0.05,18.54
values_10,435,36,232,152,667,188,5038.91,138437.44,0.04,27.47
values_368,4426,36,2906,2826,7332,2862,84191.95,1558355.42,0.05,18.51
values_67,2712,36,1776,1696,4488,1732,48282.91,910087.22,0.05,18.85
values_161,4885,36,3221,3141,8106,3177,94300.74,1740645.76,0.05,18.46
values_672,2571,36,1666,1586,4237,1622,45181.50,854289.21,0.05,18.91
values_35,3583,36,2321,2241,5904,2277,65846.83,1227554.18,0.05,18.64
values_205,3305,36,2135,2055,5440,2091,60003.08,1122101.33,0.05,18.70
values_495,592,36,344,264,936,300,7702.17,180651.00,0.04,23.45
values_151,3704,36,2400,2320,6104,2356,68377.76,1273241.12,0.05,18.62
values_429,459,36,259,179,718,215,5563.20,144891.90,0.04,26.04
values_30,2075,36,1316,1236,3391,1272,34970.99,670220.65,0.05,19.17
values_673,295,36,149,69,444,105,2981.13,115875.03,0.03,38.87
values_4,1732,36,1101,1021,2833,1057,28459.64,552412.43,0.05,19.41
values_792,4280,36,2774,2694,7054,2730,80519.19,1492384.62,0.05,18.53
values_497,4482,36,2923,2843,7405,2879,85093.46,1574782.77,0.05,18.51
values_764,362,36,191,111,553,147,3981.42,123316.38,0.03,30.97
values_960,2524,36,1652,1572,4176,1608,44478.79,841362.18,0.05,18.92
values_345,3178,36,2084,2004,5262,2040,57852.29,1082911.69,0.05,18.72
values_621,3921,36,2579,2499,6500,2535,73500.51,1365362.33,0.05,18.58
values_579,2356,36,1532,1452,3888,1488,40976.25,778210.09,0.05,18.99
values_388,2021,36,1280,1200,3301,1236,33906.10,650997.11,0.05,19.20
