inputName,Sloc,DecisionPoint,GlobalVariables,If,Loop,Goto,Assignment,ExitPoint,Function,FunctionCall,PointerDereferencing,CyclomaticComplexity,SyntacticallyReachableFunctions,SemanticallyReachedFunctions,CoverageEstimation
values_27,79,10,10,38,14,21193,4807,8727,456,3150,18465,13565,4812,28560,29962
values_560,79,10,10,38,14,18330,8014,6705,4213,13171,224,25842,7928,76,58
values_695,79,10,10,38,14,17039,13594,14545,1774,30752,16959,14688,809,31114,21227
values_821,79,10,10,38,14,4573,7021,2295,15117,6163,18270,19898,8690,7979,9140
values_365,79,10,10,38,14,26486,8965,30625,26466,27822,19891,12812,11197,8790,23121
values_852,79,10,10,38,14,12253,32722,11050,23424,24680,711,3402,12517,3891,12885
values_329,79,10,10,38,14,23437,25076,8721,31283,28990,32080,19052,14114,6544,16423
values_466,79,10,10,38,14,25044,18841,13115,21015,22486,24673,4210,13993,24216,4110
values_292,79,10,10,38,14,18009,10621,8698,18042,9389,16384,22029,18434,18496,383
values_968,79,10,10,38,14,28496,16534,21282,23570,26319,4968,3577,15356,28110,11495
values_873,79,10,10,38,14,12771,12227,12688,26538,12370,31676,26428,21135,5924,13545
values_84,79,10,10,38,14,30750,27028,20438,32172,753,14434,11169,26543,12253,32567
values_808,79,10,10,38,14,7122,19916,28543,4022,13092,11545,23074,17481,17758,14776
values_683,79,10,10,38,14,31565,27001,24116,19958,21704,6829,18704,16034,17688,13565
values_111,79,10,10,38,14,17362,32026,1697,24120,30792,5486,6560,23167,22807,2328
values_675,79,10,10,38,14,28659,2478,8234,4182,22022,32734,21059,7394,7842,17584
values_552,79,10,10,38,14,24504,19599,31140,4461,27578,21248,6945,17974,32347,10345
values_870,79,10,10,38,14,17214,9864,49,31312,8446,24237,8903,6388,23437,14307
values_744,79,10,10,38,14,1132,25274,18849,32136,95,10218,2117,30835,32455,6369
values_112,79,10,10,38,14,21871,17573,21297,4822,27740,18787,22214,5717,8643,24362
values_410,79,10,10,38,14,13881,2358,12728,3046,22269,27006,19921,1848,21398,4032
values_756,79,10,10,38,14,17720,7501,17698,8998,24226,24400,12693,30635,357,31373
values_171,79,10,10,38,14,565,1336,23658,26354,662,32724,13103,3296,353,26213
values_400,79,10,10,38,14,12589,6766,29719,16752,6444,26876,24634,9642,21893,8268
values_970,79,10,10,38,14,22154,4694,23636,12561,15395,12247,30055,29830,29875,8359
values_454,79,10,10,38,14,21151,18568,13292,18768,7577,311,2580,1857,4251,28239
values_927,79,10,10,38,14,27500,12280,4064,1239,19702,7243,32317,20024,26264,2345
values_137,79,10,10,38,14,6855,16829,31498,1638,18642,31717,30449,9258,11549,15508
values_843,79,10,10,38,14,7504,28269,6799,3973,15382,28545,29644,5705,2388,2175
values_663,79,10,10,38,14,13983,31505,2629,31514,13534,11773,20995,5145,9310,24084
values_316,79,10,10,38,14,32671,14881,6535,10295,17701,23304,20992,28075,30679,21415
values_427,79,10,10,38,14,11762,14144,3768,15002,3560,21423,25970,20151,7269,16898
values_986,79,10,10,38,14,21095,18209,11535,28950,9270,801,4447,17932,31668,32212
values_935,79,10,10,38,14,28961,20715,16902,2365,10587,7517,25281,10235,13537,30344
values_840,79,10,10,38,14,4630,1164,21542,8970,27916,11093,4782,11837,5423,29279
values_608,79,10,10,38,14,17467,13317,6889,14301,31590,27386,12698,26115,1908,10524
values_371,79,10,10,38,14,16262,8837,26090,29963,11755,28464,25408,24443,8793,29916
values_459,79,10,10,38,14,25157,31028,22845,5357,7167,14336,20036,18959,12940,10471
values_372,79,10,10,38,14,4170,12135,12092,23091,31999,13059,8643,7742,19575,25095
values_542,79,10,10,38,14,9656,16909,16192,4878,9667,13658,15220,1568,2224,21088
values_503,79,10,10,38,14,5610,2567,11392,8236,21467,26904,22798,19952,9428,16352
values_804,79,10,10,38,14,20501,20102,15912,17178,22269,24138,1678,25206,18674,8084
values_995,79,10,10,38,14,1259,9572,4089,15610,31720,1730,7178,22271,22137,29952
values_831,79,10,10,38,14,15104,32377,32607,22700,15884,13735,2628,11918,16354,32458
values_630,79,10,10,38,14,17295,10980,1189,31461,19524,8661,31533,5823,11266,10257
values_417,79,10,10,38,14,24832,13076,27903,10608,5646,307,28169,13355,9873,8316
values_422,79,10,10,38,14,31013,13630,19058,11019,23092,26041,14140,6727,164,26365
values_65,79,10,10,38,14,250,8287,31500,15013,29637,13916,11196,23028,13928,31741
values_572,79,10,10,38,14,23125,31740,21208,25414,13855,18247,11960,18982,355,8586
values_568,79,10,10,38,14,10012,3104,11488,8502,6089,16616,12395,12862,30599,11859
values_946,79,10,10,38,14,83,24537,19271,8256,6863,5248,31455,16771,15047,13796
values_406,79,10,10,38,14,13265,22400,9114,4566,9922,29750,22800,6106,12280,15007
values_846,79,10,10,38,14,13712,6563,27162,26215,23117,20696,4947,14295,12337,15782
values_96,79,10,10,38,14,27204,31039,6340,27466,23017,11251,25060,30373,13600,28099
values_441,79,10,10,38,14,15509,26660,11530,10377,11772,29746,11174,11642,30045,9574
values_969,79,10,10,38,14,676,23620,20777,23490,5549,15069,14021,17844,22988,5812
values_862,79,10,10,38,14,6391,27388,15684,7306,28404,15187,20925,14883,17234,13794
values_341,79,10,10,38,14,4159,28053,4708,13738,4776,11581,17958,5768,17313,6695
values_810,79,10,10,38,14,12358,5066,14820,26495,17557,14651,25694,192,2707,31132
values_28,79,10,10,38,14,5690,31971,30572,1214,31640,13025,9381,3359,21131,986
values_655,79,10,10,38,14,13592,29694,22778,26878,4317,15524,6388,23541,30751,6497
values_54,79,10,10,38,14,31251,4001,15601,4072,6929,47,14128,22262,231,8425
values_297,79,10,10,38,14,5305,8124,14771,1643,25675,279,13248,7599,3898,6903
values_132,79,10,10,38,14,2093,12222,2422,26223,21993,31699,11694,12645,12845,32260
values_811,79,10,10,38,14,28162,32452,29977,7414,19436,25759,2886,23738,6617,11795
values_824,79,10,10,38,14,1453,6451,29649,578,25608,27751,24911,21230,26803,31286
values_635,79,10,10,38,14,24063,12710,24616,32154,14445,25503,6307,4328,8253,10841
values_310,79,10,10,38,14,13895,9786,5977,18528,31151,29586,21175,11652,17388,9238
values_841,79,10,10,38,14,3927,3194,14750,26681,4879,10512,28833,30203,4885,2914
values_15,79,10,10,38,14,4477,8806,1554,30487,401,10834,398,8260,24149,18414
values_973,79,10,10,38,14,29624,24308,32274,43,17524,25563,3891,6680,1445,14466
values_720,79,10,10,38,14,14067,7208,21237,17684,5161,20966,25802,22286,11724,1756
values_87,79,10,10,38,14,1427,31830,11538,10460,26189,7889,32210,18465,24157,30597
values_728,79,10,10,38,14,4489,7633,32663,22328,10641,24891,25852,9020,22248,19129
values_333,79,10,10,38,14,15623,7696,19481,10410,15083,15409,11023,24509,24004,6164
values_337,79,10,10,38,14,20843,21563,21511,24495,10021,25381,18788,3921,11355,17382
values_943,79,10,10,38,14,24603,27432,27493,4339,11764,21081,12198,14886,4296,32070
values_742,79,10,10,38,14,2923,16604,1203,1835,10789,264,11604,9676,13236,5213
values_59,79,10,10,38,14,1772,4143,29223,12218,31210,20048,26334,5743,12640,10
values_101,79,10,10,38,14,16608,26226,1683,548,23594,15837,11105,954,5418,8504
values_158,79,10,10,38,14,4671,6703,13784,28646,3631,14749,13812,6482,30535,30417
values_264,79,10,10,38,14,22966,27088,6437,28146,29713,9856,1111,30118,29847,28724
values_500,79,10,10,38,14,5854,29354,30733,6576,27868,15059,13148,8472,32388,32592
values_647,79,10,10,38,14,1069,16821,11259,7407,7841,17785,20922,21003,284,18686
values_5,79,10,10,38,14,29035,29514,12538,29437,12622,5392,20688,16840,30948,15456
values_524,79,10,10,38,14,17812,23213,20618,9314,21771,21091,29503,2976,18746,23094
values_92,79,10,10,38,14,3229,12084,11853,30672,1456,29792,15699,14041,16520,11710
values_691,79,10,10,38,14,5013,14138,2304,29592,15403,15931,19162,10215,3012,8835
values_706,79,10,10,38,14,7861,12441,16949,10554,24485,32529,32694,14396,22980,10049
values_379,79,10,10,38,14,10643,16232,12642,23101,30018,24964,17314,9554,651,12471
values_463,79,10,10,38,14,25061,27390,17621,14267,4467,28054,22904,21864,32460,13075
values_812,79,10,10,38,14,13117,4740,29840,26024,8182,1712,30238,11726,1116,22841
values_0,79,10,10,38,14,15865,29588,15525,18386,4155,18042,23956,12126,5193,26649
values_940,79,10,10,38,14,17815,4381,19186,20599,9383,20038,24460,13429,31739,11266
values_762,79,10,10,38,14,29163,29303,27171,1881,26459,2478,27491,11693,5343,16359
values_982,79,10,10,38,14,7790,25488,22462,31116,27901,3140,12794,5940,14657,1443
values_146,79,10,10,38,14,7572,6528,30973,21376,14002,9681,27459,10945,4526,23542
values_553,79,10,10,38,14,25286,23700,20076,27325,20421,788,16,9840,8976,20298
values_384,79,10,10,38,14,31144,22236,4748,30289,15769,19451,17901,22620,19773,29981
values_315,79,10,10,38,14,30075,12345,27857,16553,3000,31790,3956,18975,26623,1033
values_789,79,10,10,38,14,12091,27538,15709,31782,31408,30037,27219,17747,19279,16343
values_488,79,10,10,38,14,18191,27096,10316,24413,6178,14790,20314,11675,18927,25028
values_903,79,10,10,38,14,22347,16867,17511,13402,12275,31114,18872,23010,16975,25103
values_77,79,10,10,38,14,13508,20950,21861,11562,3130,3573,24734,17673,2095,17945
values_639,79,10,10,38,14,13788,9103,2800,26282,22632,4569,5954,4804,22417,28418
values_512,79,10,10,38,14,16630,8263,13587,8898,7126,16228,27926,32645,6617,27417
values_719,79,10,10,38,14,29115,29825,20810,8072,1712,26686,31988,11889,31749,21714
values_198,79,10,10,38,14,23696,7901,4239,31282,27503,16903,13826,18518,14454,18259
values_763,79,10,10,38,14,6724,8793,3750,5701,6131,6819,15165,6752,14301,28235
values_770,79,10,10,38,14,3402,10038,27391,26730,24520,3762,14419,15250,23605,10865
values_17,79,10,10,38,14,28192,26322,21446,16576,18198,20918,16421,29713,24771,3795
values_139,79,10,10,38,14,26062,2080,29149,842,1118,3219,714,31409,22548,20536
values_693,79,10,10,38,14,17311,13355,24318,30986,24516,28365,2975,14068,18047,25992
values_645,79,10,10,38,14,25358,30653,5309,21661,5635,25814,9437,17034,7257,15976
values_632,79,10,10,38,14,23538,1550,17613,12663,1321,17499,23225,23381,8876,16873
values_803,79,10,10,38,14,31636,28688,1554,66,27088,10313,20665,30072,7911,32389
values_716,79,10,10,38,14,4739,10026,12899,30999,821,24634,26593,10030,31224,11571
values_662,79,10,10,38,14,14593,29230,5484,23473,19213,7269,22640,13199,26148,20388
values_700,79,10,10,38,14,9201,768,996,7195,970,27166,10737,966,16739,19692
values_976,79,10,10,38,14,28082,26466,14402,15134,7449,22250,24255,17740,14423,11372
values_784,79,10,10,38,14,10449,15714,10473,31664,7165,12507,17215,8331,6999,27354
values_244,79,10,10,38,14,22089,26049,28508,14415,2290,25283,14096,10200,27071,27060
values_302,79,10,10,38,14,16737,32656,9329,27826,26750,6954,14079,18691,23934,13901
values_450,79,10,10,38,14,26022,6734,20386,18447,2512,3558,10169,18150,3752,19271
values_891,79,10,10,38,14,13011,3549,18313,21989,12204,24065,8357,14913,25058,24619
values_548,79,10,10,38,14,15088,23168,13945,12572,13307,9469,16303,12725,3377,32029
values_416,79,10,10,38,14,12010,29437,11442,7387,27481,12658,29340,36,25256,24622
values_613,79,10,10,38,14,9200,6307,644,11184,1681,12604,4464,29977,26019,6575
values_152,79,10,10,38,14,10917,8440,22032,9275,14075,1773,20788,17071,31428,10279
values_166,79,10,10,38,14,31048,21078,24454,5869,8019,19012,32762,22322,10942,17588
values_335,79,10,10,38,14,5538,23914,14160,16071,32701,7034,928,14283,8924,8106
values_189,79,10,10,38,14,21889,17262,20008,29625,12020,25566,6855,30242,12045,22839
values_563,79,10,10,38,14,28534,17612,27204,31367,15786,27165,16861,26832,30334,26428
values_562,79,10,10,38,14,23503,9129,9689,27891,6409,11430,4388,13035,31680,3216
values_457,79,10,10,38,14,9384,16171,11908,18908,19937,9915,1241,8617,16082,19264
values_290,79,10,10,38,14,1351,2340,5688,21171,1703,29757,30414,32422,22023,15616
values_707,79,10,10,38,14,25020,17967,26396,535,26869,26105,30229,16189,14807,22933
values_12,79,10,10,38,14,31162,1661,11448,16693,8546,20326,2335,14577,6396,31355
values_143,79,10,10,38,14,5316,9038,26351,16937,13688,26697,18160,8047,21435,14491
values_749,79,10,10,38,14,17633,9675,14072,12361,3327,27031,28738,28508,6932,13078
values_476,79,10,10,38,14,30,31872,14210,25934,3893,17725,387,14334,22832,20157
values_243,79,10,10,38,14,8418,6580,11929,6926,10257,31661,12220,25856,13973,8401
values_309,79,10,10,38,14,7502,18584,4854,7622,4182,13006,31750,19858,32041,13851
values_930,79,10,10,38,14,21027,28317,13604,11671,8460,25961,25387,9485,4910,8618
values_447,79,10,10,38,14,24471,24870,6381,24645,1643,11875,8191,26778,16110,22743
values_430,79,10,10,38,14,15103,24340,8884,7276,22927,26211,20287,28828,5777,6439
values_844,79,10,10,38,14,31039,17919,27709,597,22753,31196,21510,31206,5880,30501
values_933,79,10,10,38,14,15461,19467,26965,29970,9048,14481,32207,7557,5303,15447
values_366,79,10,10,38,14,7260,7503,14167,15469,13059,4348,21791,14498,20153,21939
values_669,79,10,10,38,14,5126,26905,16995,8593,6054,26883,4982,24876,32526,12844
values_241,79,10,10,38,14,13632,31780,5564,26882,5165,14865,20381,23816,19157,16452
values_998,79,10,10,38,14,27489,20581,11403,12928,7599,9443,29892,12963,7935,18983
values_646,79,10,10,38,14,14062,1569,4820,8025,9912,6780,8818,29106,9720,21872
values_355,79,10,10,38,14,21187,3039,15690,7740,6178,380,18812,32519,6834,7030
values_674,79,10,10,38,14,13533,31456,13932,21446,22586,8002,26560,4530,32499,23610
values_665,79,10,10,38,14,15297,31168,20617,18396,3281,2226,15984,8730,31674,3489
values_33,79,10,10,38,14,16768,4552,17756,1432,3595,23041,22487,7729,19617,24958
values_887,79,10,10,38,14,15493,28761,9695,8075,22732,23250,26312,22657,7784,5730
values_481,79,10,10,38,14,23409,12600,30931,5918,26243,24917,5207,31631,3935,6071
values_513,79,10,10,38,14,20569,10056,20317,21018,2537,7391,6334,28243,27409,27143
values_145,79,10,10,38,14,14048,16041,20359,12256,4173,23958,3528,28084,25443,9616
values_192,79,10,10,38,14,14746,23114,9645,22398,5484,31899,12546,12442,7222,30654
values_989,79,10,10,38,14,2228,8652,28256,16217,26196,19716,20352,14635,11919,29705
values_702,79,10,10,38,14,478,15435,21625,26127,18410,24135,4369,14557,14426,26072
values_203,79,10,10,38,14,1401,29682,7321,4747,4714,29165,28944,12221,14972,6531
values_596,79,10,10,38,14,227,42,19827,3406,18598,20492,11530,9485,21558,1204
values_741,79,10,10,38,14,4762,8341,28509,6285,25552,32015,20247,20743,20844,14200
values_584,79,10,10,38,14,19413,7249,9519,15088,27491,31279,27554,293,23138,39
values_255,79,10,10,38,14,11323,32503,8280,31029,18938,2163,19548,27591,24315,17869
values_692,79,10,10,38,14,5924,28575,17681,14522,22121,23553,6079,4358,25703,18178
values_348,79,10,10,38,14,28576,10735,27471,4708,11540,12105,8406,26792,12330,24778
values_25,79,10,10,38,14,20470,6281,19303,21480,4145,20960,24080,13651,2829,11221
values_433,79,10,10,38,14,13791,2886,13856,14848,301,6141,24580,12526,4114,22913
values_346,79,10,10,38,14,1803,24588,5926,3153,7634,25994,31206,21021,12918,21560
values_472,79,10,10,38,14,4398,15489,22038,13410,8880,17372,26064,970,13553,2762
values_701,79,10,10,38,14,16144,2024,600,18081,7304,7171,23851,1093,14011,15306
values_326,79,10,10,38,14,28307,29723,26045,32698,22499,11354,22381,4421,13031,31899
values_19,79,10,10,38,14,5644,2659,16429,19504,32455,5766,27285,3447,10397,5172
values_549,79,10,10,38,14,23126,6299,15393,17684,18493,385,9566,4609,10802,29815
values_566,79,10,10,38,14,3121,16236,13125,4489,32364,23068,28345,22295,28773,21300
values_163,79,10,10,38,14,3003,25483,2832,24858,5783,27207,512,12732,15212,3984
values_900,79,10,10,38,14,18147,7882,20139,11204,17022,31819,32448,26019,1919,24161
values_797,79,10,10,38,14,14043,30460,13641,14727,6574,12199,4985,17592,30314,9790
values_682,79,10,10,38,14,27480,22407,11957,29328,28314,13195,13003,29791,13176,19445
values_574,79,10,10,38,14,3356,30625,25851,3403,4334,29655,27415,9926,15600,10175
values_515,79,10,10,38,14,25568,16086,13273,9667,28823,431,21372,29044,23636,14136
values_794,79,10,10,38,14,7699,27183,14591,25515,28478,16806,28290,4711,24272,29697
values_886,79,10,10,38,14,21163,22952,13422,32575,6148,27402,16453,2464,30410,29831
values_659,79,10,10,38,14,27783,22969,24417,25788,12340,19770,17881,6521,4640,10972
values_620,79,10,10,38,14,9041,8253,18312,7270,19048,27519,18243,8746,29055,5727
values_425,79,10,10,38,14,32151,24164,16955,26815,5669,1704,18798,23390,31698,11447
values_284,79,10,10,38,14,30890,18648,32549,29316,14422,3358,22333,30335,670,24188
values_97,79,10,10,38,14,30391,17116,2724,7984,18358,7445,14730,19305,5336,10686
values_499,79,10,10,38,14,24191,4693,2525,11783,27645,31151,13018,1165,5934,1979
values_726,79,10,10,38,14,20336,10098,20724,30934,7715,19688,17421,17173,18912,22426
values_201,79,10,10,38,14,17344,18922,5007,31386,29854,20659,4473,7936,13265,27850
values_689,79,10,10,38,14,24479,5547,18410,9394,16361,13354,14041,24670,4341,28050
values_260,79,10,10,38,14,2084,30576,25736,24775,1980,29674,6443,8585,6251,22750
values_178,79,10,10,38,14,18195,19902,946,457,25377,772,32130,12511,14009,9759
values_105,79,10,10,38,14,31642,5773,29948,26954,19087,21712,23796,17446,25618,20820
values_381,79,10,10,38,14,4221,13378,29933,14427,14124,11887,1965,3022,19260,12886
values_511,79,10,10,38,14,24660,2079,25575,252,26559,22737,21809,8251,29013,10189
values_951,79,10,10,38,14,25759,16199,16860,13170,13068,12004,5786,7287,32165,32620
values_634,79,10,10,38,14,17081,29737,31515,11353,18228,1178,26412,1888,2730,28109
values_487,79,10,10,38,14,9237,3795,21337,5360,2142,1796,22470,32726,22900,11681
values_138,79,10,10,38,14,6563,11015,23897,5313,8514,20071,422,13226,1534,13113
values_664,79,10,10,38,14,1160,18682,21478,16182,24668,5898,3010,801,22574,5747
values_107,79,10,10,38,14,3857,20603,11385,16452,19221,2039,17884,14656,6932,14707
values_103,79,10,10,38,14,749,18073,9216,11771,25849,26256,2501,7232,6498,11177
values_983,79,10,10,38,14,5751,3133,11758,18033,11306,21617,11914,27711,16134,23286
values_404,79,10,10,38,14,11928,29954,2672,8556,28823,19392,9434,32504,18025,28166
values_81,79,10,10,38,14,2880,6095,28395,31912,14626,542,16855,21034,28357,9381
values_435,79,10,10,38,14,14499,22439,2670,22200,493,32023,3846,6146,24091,25303
values_124,79,10,10,38,14,6370,19516,29099,9167,2047,5088,24102,27149,15428,9867
values_681,79,10,10,38,14,26730,2066,10085,18348,32379,4145,11226,15142,1824,16667
values_8,79,10,10,38,14,4380,7834,15166,3296,9523,31617,24337,29553,24634,32765
values_380,79,10,10,38,14,11100,697,5017,30122,23175,15116,22412,15438,4505,25807
values_144,79,10,10,38,14,29761,10555,28334,11033,18701,31520,6291,16873,12137,11916
values_238,79,10,10,38,14,26708,13314,22213,21707,5764,13490,19880,27367,15863,12235
values_104,79,10,10,38,14,31406,30128,15010,26508,12670,10991,25656,14683,20616,7785
values_221,79,10,10,38,14,4440,16640,10284,12085,19354,30524,4317,10162,20678,11987
values_690,79,10,10,38,14,16030,29435,15474,13620,10667,17999,12068,8672,8108,15188
values_771,79,10,10,38,14,14211,16405,6973,14206,7783,26978,20357,18906,14105,23425
values_140,79,10,10,38,14,4525,14102,21590,8654,21627,10464,1706,3116,5762,26461
values_746,79,10,10,38,14,14692,3254,22223,20459,13514,10946,12784,26752,7080,2361
values_736,79,10,10,38,14,31816,24640,23558,27133,23606,1743,16986,26886,29337,24459
values_582,79,10,10,38,14,27522,1410,9090,1165,29389,13844,15058,25033,25346,30249
values_444,79,10,10,38,14,23715,19105,19676,26800,31881,22898,3650,28363,11833,5309
values_827,79,10,10,38,14,31777,31947,9441,4267,28060,1511,4210,29412,25223,32469
values_526,79,10,10,38,14,19870,7860,32212,21137,20470,28458,7058,4279,25247,3790
values_498,79,10,10,38,14,3980,17419,25769,23423,27892,8031,18228,16241,6319,25807
values_73,79,10,10,38,14,18059,26716,7310,463,18618,1168,15835,469,1486,15382
values_752,79,10,10,38,14,30371,28871,12432,18589,20413,3703,10093,2621,17937,28424
values_992,79,10,10,38,14,11268,19289,29355,7191,16332,21078,31543,17046,3779,24745
values_240,79,10,10,38,14,29333,18119,15367,16864,2662,25847,27614,3061,23206,10400
values_89,79,10,10,38,14,30090,22512,26553,19299,22817,26214,3242,17228,30866,14276
values_218,79,10,10,38,14,7483,8415,27050,11318,29722,3633,3029,28986,4627,14905
values_377,79,10,10,38,14,16548,14054,11798,24642,13424,2147,7619,23453,31757,3818
values_82,79,10,10,38,14,26483,592,11386,19278,4679,4238,11498,3697,30966,14167
values_739,79,10,10,38,14,3600,8778,21202,21028,12500,29902,18710,3176,16724,23698
values_398,79,10,10,38,14,27601,16047,23298,31354,2120,19185,29338,21460,17593,21779
values_34,79,10,10,38,14,30301,14270,17959,24582,30434,23926,10900,871,17267,17493
values_320,79,10,10,38,14,20054,6743,2888,3221,45,18043,28870,18583,17818,17679
values_569,79,10,10,38,14,2708,19325,334,20887,24707,13970,10728,28733,10995,28063
values_924,79,10,10,38,14,11907,15622,7247,15402,3458,20194,24844,8928,27435,11676
values_926,79,10,10,38,14,21842,28191,13936,4898,16914,4037,9459,1979,32290,19985
values_307,79,10,10,38,14,29085,29025,25693,4175,5252,24716,31524,7168,12468,17520
values_438,79,10,10,38,14,14862,30169,22878,13978,7172,6952,12366,32164,25638,7710
values_70,79,10,10,38,14,7578,19852,22648,2527,19552,15860,4764,25982,6518,15729
values_29,79,10,10,38,14,28459,31567,833,26817,7393,4197,26074,15556,15097,17765
values_717,79,10,10,38,14,13041,22366,22627,896,23653,18515,24367,4119,2278,1740
values_324,79,10,10,38,14,11128,28453,12898,27851,3792,21302,18752,15892,7881,20235
values_920,79,10,10,38,14,18208,12452,12335,10391,18527,15129,7939,17984,23628,18808
values_175,79,10,10,38,14,22300,21358,10541,20942,9966,15702,22771,27917,16070,10517
values_916,79,10,10,38,14,19694,27125,21849,30935,25245,12790,9398,32607,23747,7972
values_623,79,10,10,38,14,13283,6720,31113,8718,2245,8920,6611,25461,13075,11476
values_263,79,10,10,38,14,13644,6675,2757,25752,25338,7248,28710,8602,30307,1908
values_199,79,10,10,38,14,16662,11973,1443,1241,9025,9821,7625,14515,29537,22704
values_718,79,10,10,38,14,8679,21405,7714,32443,15580,32527,16695,8842,27982,25977
values_222,79,10,10,38,14,29851,31448,17780,15066,13285,29775,31405,1913,16214,20173
values_629,79,10,10,38,14,3336,7819,25294,2264,22375,15111,14066,21748,15692,29212
values_603,79,10,10,38,14,1418,25960,22358,19779,6528,1815,9754,24492,3676,24972
values_543,79,10,10,38,14,27153,155,6651,1457,5230,30341,28847,7481,21541,5922
values_583,79,10,10,38,14,2747,4812,26658,27375,16129,20499,5992,32113,1796,29870
values_854,79,10,10,38,14,3412,6493,15801,8931,1627,31533,24187,29397,29436,12735
values_585,79,10,10,38,14,2028,29799,32197,9786,17775,15668,27527,7233,12229,26197
values_708,79,10,10,38,14,1903,16183,10487,28692,31915,15689,10114,22757,10662,16143
values_559,79,10,10,38,14,3149,7320,20282,24008,16042,9834,21470,590,12444,9848
values_640,79,10,10,38,14,20118,7789,6861,28431,10057,20169,11696,30204,1410,9030
values_793,79,10,10,38,14,9710,18862,18820,19665,11454,23669,9305,8735,7107,18898
values_420,79,10,10,38,14,15525,22758,15133,10598,12516,24916,26749,16780,1247,9095
values_51,79,10,10,38,14,14757,22887,28388,13359,6030,25245,32020,32403,2643,18804
values_323,79,10,10,38,14,900,27532,955,16452,10610,3578,4424,4998,23925,20439
values_57,79,10,10,38,14,17268,28055,19318,22953,19856,31146,17452,6134,23551,24389
values_242,79,10,10,38,14,9783,24756,21935,12847,9552,15883,14580,22043,12453,29862
values_443,79,10,10,38,14,3388,12820,30091,29572,9532,7304,30943,7987,8020,25386
values_544,79,10,10,38,14,14763,9693,2428,8687,6520,17211,17115,21908,31406,17252
values_825,79,10,10,38,14,8157,4002,7915,31448,22974,10668,5512,31126,10619,10434
values_896,79,10,10,38,14,22609,29686,23353,2721,10921,28878,17228,3429,11090,15128
values_382,79,10,10,38,14,1012,21305,2836,14810,22230,3723,18586,24978,13504,27827
values_484,79,10,10,38,14,15971,22614,19522,15057,4051,26382,17466,23687,5516,20019
values_129,79,10,10,38,14,24256,23320,522,9195,26568,24606,21414,32496,10875,26549
values_88,79,10,10,38,14,11494,17429,14517,11013,29469,23093,31088,6939,28465,23299
values_965,79,10,10,38,14,20824,6908,10781,21641,26150,3977,12439,31603,19176,8617
values_904,79,10,10,38,14,30489,26510,29333,1841,23173,17797,3511,13016,11333,503
values_23,79,10,10,38,14,6483,8589,30544,13867,253,9144,4919,24975,14668,21186
values_153,79,10,10,38,14,22122,12167,25278,3753,23219,331,25787,4725,9899,20966
values_164,79,10,10,38,14,30827,6706,20986,29245,12538,6872,22232,2412,11677,1678
values_45,79,10,10,38,14,2908,1319,4632,23544,8186,3549,25577,6391,25728,9652
values_644,79,10,10,38,14,5384,21634,18542,23676,2245,12129,28214,2896,32285,251
values_532,79,10,10,38,14,22738,10538,14780,601,1211,18127,25262,3723,27202,22267
values_847,79,10,10,38,14,14984,1917,17970,7963,13875,22345,17886,4658,21361,28089
values_625,79,10,10,38,14,2055,29925,8082,26665,427,8269,25410,25079,13982,12660
values_850,79,10,10,38,14,30594,29733,8444,14971,18761,27571,15672,17337,1798,32642
values_458,79,10,10,38,14,30871,15974,26227,8023,25293,8450,8656,23350,26446,560
values_451,79,10,10,38,14,10596,18996,12272,24010,4249,27573,13143,8731,12300,29959
values_232,79,10,10,38,14,27966,6827,12375,27853,18683,24136,26189,26143,25830,23647
values_239,79,10,10,38,14,24476,25113,28159,24542,20181,12978,18025,15514,16188,31098
values_721,79,10,10,38,14,24423,29923,17298,8484,13061,15390,27446,32124,4119,9510
values_258,79,10,10,38,14,14626,23107,20989,30452,7741,1970,27683,9768,31539,16224
values_468,79,10,10,38,14,28308,21560,4519,5436,32436,27303,26297,20665,31423,2017
values_892,79,10,10,38,14,20085,29736,17199,12417,19564,20351,22621,10729,7715,15932
values_954,79,10,10,38,14,15437,3786,10999,304,27635,25795,11274,2036,25916,25654
values_944,79,10,10,38,14,20945,12529,9691,16784,1305,18010,24768,2568,1474,18305
values_119,79,10,10,38,14,472,11934,22086,29640,21120,816,2154,1070,5244,28823
values_66,79,10,10,38,14,23265,28724,32738,18517,21590,6032,26856,14198,12616,27784
values_876,79,10,10,38,14,5151,29412,10615,17589,12737,17737,32704,7520,25438,4940
values_328,79,10,10,38,14,4879,15496,12431,806,7434,6421,4790,31820,7276,18393
values_494,79,10,10,38,14,13954,25885,10644,25897,11837,8873,20500,25726,29720,22832
values_966,79,10,10,38,14,15769,7186,14158,26830,28616,27168,310,14209,10733,24930
values_36,79,10,10,38,14,16815,10385,19092,15375,2529,6925,20325,11361,14608,7394
values_147,79,10,10,38,14,4782,13419,13809,16726,5799,23988,26870,29615,17905,23505
values_519,79,10,10,38,14,2546,7022,10620,24658,16215,18017,4746,31466,11396,878
values_929,79,10,10,38,14,9174,26311,10871,9952,3595,31335,14629,23853,21068,15270
values_340,79,10,10,38,14,31112,28862,17076,17270,490,7243,27687,915,13381,21455
values_354,79,10,10,38,14,22483,23513,30919,30374,8684,5389,2763,21566,21072,22044
values_317,79,10,10,38,14,15320,240,10225,29716,31581,21087,19931,5480,26276,22301
values_959,79,10,10,38,14,8425,7639,1003,308,2015,14696,30472,27255,20382,30265
values_869,79,10,10,38,14,4419,21804,3178,17869,4147,16809,8735,5337,16746,26893
values_449,79,10,10,38,14,24433,8252,4345,17455,29007,7901,24562,26632,2303,25546
values_133,79,10,10,38,14,3939,11672,26651,6423,5017,29393,9153,4527,28035,15738
values_56,79,10,10,38,14,9877,17698,19547,13576,5128,24895,2213,28653,1484,4140
values_334,79,10,10,38,14,30282,9089,24684,14735,13253,16592,21747,1431,5191,28911
values_775,79,10,10,38,14,24940,14859,25874,31670,21692,25255,12929,20419,4944,25614
values_492,79,10,10,38,14,5151,25079,12371,6077,13875,6144,13395,31477,30974,30262
values_614,79,10,10,38,14,9833,5435,23641,8245,24945,2570,24123,29547,4690,11786
values_878,79,10,10,38,14,22573,2267,2397,27878,8590,17003,30209,25065,20604,17016
values_687,79,10,10,38,14,14278,13902,16520,7399,16690,14433,29150,4710,10213,19192
values_972,79,10,10,38,14,29104,5364,23314,14455,1648,5377,11679,15555,26015,25377
values_769,79,10,10,38,14,6496,29538,9981,7579,10107,29036,694,25547,2686,10219
values_814,79,10,10,38,14,24411,24891,15776,6917,27787,6772,8003,12885,26108,22080
values_991,79,10,10,38,14,19259,17695,21998,7823,8295,26493,1054,27079,25464,23367
values_787,79,10,10,38,14,15144,148,12759,2157,23634,5482,1701,10764,1928,12659
values_26,79,10,10,38,14,23647,7784,4821,23421,30700,32762,18128,4117,24905,12627
values_274,79,10,10,38,14,10381,20920,5015,14709,21445,947,18501,2307,21285,14744
values_357,79,10,10,38,14,29051,32450,25010,9367,1003,4737,17938,29718,21390,4498
values_817,79,10,10,38,14,5120,25696,1376,10995,9944,28595,16011,14116,9232,14265
values_839,79,10,10,38,14,20094,6577,8026,14294,13880,22603,19780,6160,1463,25456
values_174,79,10,10,38,14,708,26037,24698,9713,29104,5032,24254,5441,10704,17133
values_373,79,10,10,38,14,24260,15700,18115,26611,26517,8761,9694,32646,28732,6282
values_872,79,10,10,38,14,8683,19035,15580,15294,7605,26505,29613,18292,2312,2857
values_353,79,10,10,38,14,29415,31652,19051,32724,31702,534,15875,9350,28236,9836
values_483,79,10,10,38,14,17105,12243,7255,28960,12002,13339,18259,10484,24544,3485
values_907,79,10,10,38,14,6522,24282,19570,2442,16722,17967,6056,421,25359,27551
values_43,79,10,10,38,14,14516,29783,14560,5050,25408,21313,26568,13525,13184,14226
values_671,79,10,10,38,14,26802,8027,22328,13944,31128,22673,29463,25999,19674,4380
values_176,79,10,10,38,14,12425,11391,3310,5383,24276,25558,28247,18086,8741,29728
values_798,79,10,10,38,14,12440,31576,20617,9204,7252,29178,3648,6418,32594,401
values_362,79,10,10,38,14,13166,15659,30529,650,22579,19820,22135,7857,12967,1948
values_115,79,10,10,38,14,13034,17008,21065,27695,16399,30930,5390,29448,29917,27735
values_234,79,10,10,38,14,20873,9441,31842,30830,11193,413,13901,5587,18109,29696
values_818,79,10,10,38,14,17091,15992,31350,23013,5114,20625,17917,7430,15507,11673
values_52,79,10,10,38,14,9692,8241,15581,18336,25372,8477,21478,30662,20938,26608
values_834,79,10,10,38,14,13097,29626,21054,16151,17249,4320,20198,16796,3656,4217
values_952,79,10,10,38,14,14908,2472,22520,18540,1888,20739,8126,2887,6271,19888
values_325,79,10,10,38,14,3621,32684,13001,26976,31691,18636,18482,12526,29787,6856
values_118,79,10,10,38,14,10038,26085,7952,23827,5913,15850,3251,6027,23026,2202
values_882,79,10,10,38,14,9762,24973,31056,22606,22103,11638,27446,16825,18106,8767
values_592,79,10,10,38,14,20143,8872,11328,7216,21841,16259,22237,5932,17997,20358
values_641,79,10,10,38,14,18952,7899,28281,807,28666,10327,25896,3040,21896,4191
values_777,79,10,10,38,14,15662,20836,10032,31395,11435,14538,23519,18843,15632,10678
values_755,79,10,10,38,14,4728,19794,25379,10309,19113,15825,16513,16158,26340,8710
values_393,79,10,10,38,14,42,14404,30268,20496,23150,32703,17657,23183,23995,20808
values_230,79,10,10,38,14,8383,11087,11558,16240,6674,31987,13879,18917,23483,18
values_786,79,10,10,38,14,30298,21749,27960,26192,16109,29065,26816,3483,26864,20266
values_694,79,10,10,38,14,6582,31020,20905,24681,27346,3666,23033,13032,16675,2210
values_922,79,10,10,38,14,7935,6912,28296,24597,18506,5760,19793,10400,1936,3469
values_806,79,10,10,38,14,11118,30954,6299,22957,27499,22939,733,1293,9755,26358
values_98,79,10,10,38,14,25698,21450,19672,22668,28969,27861,1793,8288,31555,23568
values_605,79,10,10,38,14,20973,3958,32307,15550,30726,21099,18057,6138,27960,28690
values_773,79,10,10,38,14,17742,26170,30197,30264,32460,24895,11425,26747,26899,18942
values_564,79,10,10,38,14,1647,13618,9797,30308,13584,18754,1560,1090,3216,31096
values_233,79,10,10,38,14,19539,12195,20460,14397,12433,32178,4749,25200,3582,13867
values_279,79,10,10,38,14,20736,3674,4060,26460,22193,10825,25710,28294,150,22617
values_267,79,10,10,38,14,17197,29268,9467,21156,1944,9598,11418,26698,7573,16197
values_963,79,10,10,38,14,2716,13844,10708,29542,5259,29742,3516,14241,10885,14328
values_939,79,10,10,38,14,6969,4499,7566,199,2825,9047,18801,2678,22860,31888
values_117,79,10,10,38,14,19168,23870,1911,30543,15077,6890,12766,31611,12834,23632
values_540,79,10,10,38,14,9924,31509,28908,22966,23341,27243,21941,11362,23243,22452
values_849,79,10,10,38,14,21954,5357,24870,15939,20112,32503,30657,18016,22174,9850
values_913,79,10,10,38,14,1946,31780,10969,28509,6235,17747,3801,20484,21752,28837
values_184,79,10,10,38,14,5845,20325,29745,19171,25210,11969,25411,18627,25628,31928
values_879,79,10,10,38,14,17771,9363,366,21006,10292,27843,21155,29405,10803,27687
values_289,79,10,10,38,14,22766,11725,10206,24294,14857,4010,12311,3979,31878,6895
values_829,79,10,10,38,14,3775,11478,9432,18830,27074,412,16737,28502,22775,12685
values_209,79,10,10,38,14,9143,17269,29601,12290,20065,6417,2013,17625,29609,8336
values_455,79,10,10,38,14,20525,8613,9973,32743,5601,31944,29065,26044,26819,22562
values_880,79,10,10,38,14,13628,3927,13158,6488,5040,10599,26959,6351,12816,26050
values_61,79,10,10,38,14,31018,10518,3743,28153,3777,8748,1553,1220,18537,32737
values_44,79,10,10,38,14,24672,3649,310,10759,32694,2743,3763,23170,7143,19838
values_423,79,10,10,38,14,4068,25252,16654,30576,20568,17194,19753,5767,24930,29002
values_928,79,10,10,38,14,13931,20302,3675,15093,12083,8180,192,1428,1920,11234
values_206,79,10,10,38,14,31151,32518,5726,19457,2875,4617,29520,16355,18119,11613
values_486,79,10,10,38,14,10030,12366,978,2338,15836,28392,29555,8012,25083,16234
values_125,79,10,10,38,14,22329,16365,14089,27209,21950,8811,11798,19824,3386,21613
values_936,79,10,10,38,14,22507,23383,15594,9063,16120,29363,25529,17642,17374,4338
values_268,79,10,10,38,14,18070,27271,4511,9439,16851,4404,17581,18447,9250,22218
values_68,79,10,10,38,14,17728,2330,27448,17374,13144,28844,522,22645,15146,25192
values_428,79,10,10,38,14,29982,21219,4637,27305,28689,31628,12079,19172,9039,10069
values_610,79,10,10,38,14,11539,911,26623,31421,8384,28920,18349,15180,31230,27866
values_399,79,10,10,38,14,7141,4217,3948,1527,1480,23224,13509,21526,25872,21980
values_41,79,10,10,38,14,13543,19372,7645,26850,13588,12618,31562,27031,29461,265
values_102,79,10,10,38,14,30892,5679,21192,17286,2238,20657,9121,25251,15880,14569
values_510,79,10,10,38,14,30693,8300,27838,16350,12150,21199,20233,25274,6841,11704
values_202,79,10,10,38,14,17189,5891,1023,27633,32141,15642,4001,9582,31362,15049
values_735,79,10,10,38,14,14245,10916,16589,11971,26876,14272,11641,12645,12154,20752
values_249,79,10,10,38,14,10240,31462,7152,9782,20439,29935,10172,6195,11284,26705
values_85,79,10,10,38,14,4144,7634,3727,2534,25061,25798,13513,21397,23829,16355
values_79,79,10,10,38,14,12692,13915,13582,20055,10729,30378,10367,26168,5471,12902
values_493,79,10,10,38,14,9431,7603,32074,16590,29320,9564,18024,12437,1772,15708
values_525,79,10,10,38,14,2015,18127,24593,6166,28214,19253,3898,15704,18256,9613
values_71,79,10,10,38,14,21307,28217,27022,28918,21172,7974,24817,9685,18097,5358
values_294,79,10,10,38,14,32111,20322,12124,5797,15792,19340,23975,26386,18450,19384
values_782,79,10,10,38,14,22510,26313,2498,21985,27892,11451,364,26813,551,9583
values_155,79,10,10,38,14,30362,11817,7824,14457,17602,19320,31833,22072,18495,14558
values_957,79,10,10,38,14,14313,10120,3029,25330,427,23190,23120,6156,15123,14344
values_313,79,10,10,38,14,28736,31643,16995,32107,1583,22361,30402,11749,10000,20525
values_536,79,10,10,38,14,14459,6224,26303,2884,31262,22457,24618,13147,26323,21375
values_710,79,10,10,38,14,4531,27723,28010,27552,4109,25151,9057,28410,21125,11960
values_684,79,10,10,38,14,11435,6620,10082,29951,3065,29045,9509,2967,29461,26553
values_437,79,10,10,38,14,1357,27507,13769,25766,32391,31500,26616,8328,2526,3939
values_314,79,10,10,38,14,11699,19513,28966,17869,21704,12096,24388,30290,32117,17723
values_767,79,10,10,38,14,10112,12151,6115,4031,24713,21119,24066,14228,24665,19125
values_491,79,10,10,38,14,15853,7332,28160,15907,6067,2953,22116,6663,2584,24570
values_299,79,10,10,38,14,460,23099,19664,3429,26254,14798,29931,16594,17023,5973
values_600,79,10,10,38,14,23200,32509,2256,11795,8284,14385,2425,30132,25931,9822
values_63,79,10,10,38,14,19834,19174,7101,30642,27559,26562,30354,15479,8079,376
values_196,79,10,10,38,14,16943,6751,4939,9888,23121,11471,18402,29624,29396,14454
values_254,79,10,10,38,14,1084,4816,11741,15376,18231,29370,28495,9885,28833,11752
values_20,79,10,10,38,14,17326,29122,16320,28396,2473,25858,15214,24392,30733,8462
values_848,79,10,10,38,14,25462,26069,4684,16401,4549,27517,25168,3613,31521,16389
values_375,79,10,10,38,14,285,11115,10147,3906,5230,5523,24124,32079,14407,26653
values_871,79,10,10,38,14,13311,599,18448,27440,27341,20077,24527,14190,15326,7320
values_822,79,10,10,38,14,30971,9911,18554,3539,18216,2478,2460,25047,30272,29894
values_208,79,10,10,38,14,15065,19967,13258,12687,8182,25353,8774,31848,26835,28751
values_351,79,10,10,38,14,32563,9634,1712,28461,4786,29346,17834,18453,9399,17901
values_200,79,10,10,38,14,22850,9019,19550,27879,3180,6958,2867,27611,25136,6230
values_225,79,10,10,38,14,5856,27494,18524,15333,32218,11568,32427,22007,6536,21304
values_350,79,10,10,38,14,7019,13225,32032,23778,13862,9287,1475,14517,30362,27100
values_265,79,10,10,38,14,1974,1032,11459,19750,31263,8678,32013,14394,18820,10651
values_679,79,10,10,38,14,9448,28598,18091,6944,757,27972,24589,30472,32335,7674
values_918,79,10,10,38,14,2647,18807,13094,32586,5455,26300,12375,4665,17295,32458
values_210,79,10,10,38,14,25438,31705,19172,29324,18200,24698,4326,26266,2983,18518
values_597,79,10,10,38,14,25860,30724,11101,28409,4626,16831,15793,15915,19981,4070
values_160,79,10,10,38,14,17147,24059,4853,13643,30350,84,5424,2547,11512,27124
values_615,79,10,10,38,14,29214,31226,27208,745,22037,18042,27444,30797,7438,31257
values_412,79,10,10,38,14,32747,4880,22137,16282,26087,6036,10948,16438,17370,9804
values_349,79,10,10,38,14,24963,31501,5471,4832,6771,10666,30526,4587,12527,27483
values_387,79,10,10,38,14,6322,8377,18119,21595,12236,24694,8646,8589,26209,15294
values_633,79,10,10,38,14,18321,24479,1222,14980,29838,22650,7729,18020,20306,11885
values_999,79,10,10,38,14,11192,15495,12005,1156,1973,10096,9853,28003,23222,2154
values_479,79,10,10,38,14,31608,23446,24043,5411,6832,21994,9843,31613,32229,24927
values_419,79,10,10,38,14,9562,9982,26771,30712,1846,27442,32,470,28399,27494
values_358,79,10,10,38,14,3851,20494,11736,27001,28035,14151,2069,11242,9474,23260
values_74,79,10,10,38,14,8668,2212,29052,13130,12620,29335,16745,22180,28934,23910
values_861,79,10,10,38,14,3161,25360,25033,29877,25042,22427,17149,17554,24587,1607
values_734,79,10,10,38,14,23565,10227,10972,32057,25136,25546,8692,5647,2195,22350
values_127,79,10,10,38,14,2400,20509,2104,11979,5707,18713,4889,12464,30447,18777
values_885,79,10,10,38,14,17566,16261,28913,30869,15989,14383,9637,14837,16521,21810
values_180,79,10,10,38,14,23912,135,13006,16257,29172,18638,30525,30168,18960,11336
values_906,79,10,10,38,14,14812,15778,3791,5168,1738,22037,12524,29619,12080,31392
values_286,79,10,10,38,14,27376,24089,21668,32299,32707,1991,8872,243,14038,1432
values_275,79,10,10,38,14,18875,23524,26688,8452,1753,1525,23204,3285,9490,4446
values_489,79,10,10,38,14,7750,11086,30609,15308,28731,12024,3166,20203,13885,19435
values_917,79,10,10,38,14,3438,22599,317,10232,10302,7751,16057,20103,31748,31523
values_190,79,10,10,38,14,20724,23392,10481,7867,23951,13195,18231,16209,27490,14617
values_480,79,10,10,38,14,25677,3463,18923,9977,32459,21290,14653,31921,16608,19635
values_157,79,10,10,38,14,14953,2867,21434,20412,25146,2584,25215,2558,5240,28827
values_974,79,10,10,38,14,24688,22926,28157,29352,3966,21800,7465,12267,12432,14454
values_507,79,10,10,38,14,22559,15548,6065,22438,22761,12186,3870,22102,22789,4955
values_518,79,10,10,38,14,25987,24421,13515,18218,15297,1615,12806,1435,19209,16424
values_648,79,10,10,38,14,28388,28849,17620,10629,5284,145,20114,5808,23649,21639
values_116,79,10,10,38,14,5003,27478,15362,108,3065,31041,25578,8644,31164,20228
values_195,79,10,10,38,14,23728,6543,4396,16117,28501,6147,13474,1447,25969,3102
values_748,79,10,10,38,14,9025,5223,30158,10546,16807,32554,30307,3954,8850,28770
values_686,79,10,10,38,14,21391,11353,2801,5566,9257,4546,27176,23724,6428,3572
values_253,79,10,10,38,14,8241,15794,31775,19526,31311,14884,877,21042,15614,18313
values_231,79,10,10,38,14,28386,8543,15904,12701,24887,13799,554,15307,24430,7165
values_712,79,10,10,38,14,2712,24484,14330,32136,27091,11940,28787,24758,3413,2199
values_72,79,10,10,38,14,14050,11418,8025,17714,384,6623,21115,8739,2659,25613
values_86,79,10,10,38,14,21710,27470,29220,8617,3786,20010,9340,16156,3575,16883
values_376,79,10,10,38,14,30512,10369,10607,25286,7511,3979,4503,6087,30775,1460
values_452,79,10,10,38,14,1879,25573,15771,1867,8684,32668,4294,26514,31852,25887
values_471,79,10,10,38,14,16395,5809,11695,8199,18635,1651,19279,23990,25104,24596
values_668,79,10,10,38,14,32736,29166,25347,24323,19988,27698,21390,1048,23752,10451
values_921,79,10,10,38,14,21433,29153,13210,29608,15746,30247,30167,11602,32582,32500
values_490,79,10,10,38,14,10637,3658,21088,30490,10465,1622,13627,9014,25994,28639
values_154,79,10,10,38,14,8575,12896,4376,29157,10914,31541,2081,942,11067,17735
values_285,79,10,10,38,14,17667,26956,20811,3055,12941,9664,12706,26254,17456,21995
values_833,79,10,10,38,14,982,2426,26055,19267,29584,21324,9402,19642,22098,30940
values_948,79,10,10,38,14,5075,31563,6211,1804,29807,18824,12386,7417,9034,26315
values_110,79,10,10,38,14,7552,30023,22412,2463,15003,8351,13604,32594,31828,22491
values_555,79,10,10,38,14,19657,11105,4410,19973,20151,28762,6245,13402,23743,30450
values_996,79,10,10,38,14,2218,22251,10305,31425,5159,25874,22309,11277,13087,26171
values_853,79,10,10,38,14,14641,3186,29377,30784,24893,9270,15815,16506,28978,12110
values_949,79,10,10,38,14,26590,729,30564,8954,13497,27406,24163,24696,171,20522
values_774,79,10,10,38,14,14574,735,13913,22584,6846,32755,1402,8834,846,25480
values_587,79,10,10,38,14,16456,14046,12247,18156,2371,14165,16376,17411,16436,29287
values_142,79,10,10,38,14,1419,5411,31191,357,28592,7811,5498,15403,15746,24973
values_75,79,10,10,38,14,15690,19161,4045,26808,21563,6036,17979,21946,24391,14172
values_188,79,10,10,38,14,8749,12111,25077,12162,12221,18898,17280,22611,18587,3416
values_322,79,10,10,38,14,4214,5019,27955,18643,9858,26341,15221,21079,21844,32046
values_650,79,10,10,38,14,16193,15121,12033,26523,13550,4904,24540,32269,18222,18581
values_407,79,10,10,38,14,19639,30856,11302,24577,12127,26544,24003,11845,27901,5937
values_236,79,10,10,38,14,4665,3844,24725,5987,31817,1619,3200,19899,14394,23579
values_790,79,10,10,38,14,2613,30002,19998,11723,3415,30486,9636,16630,2707,6377
values_636,79,10,10,38,14,29647,28572,13424,12288,17131,30561,32470,5805,23574,21850
values_860,79,10,10,38,14,18513,15310,28342,25357,8144,31320,24711,8926,31429,16463
values_594,79,10,10,38,14,806,19670,16165,27282,11629,31000,10333,28816,7990,7059
values_604,79,10,10,38,14,14291,24597,27609,25282,9295,17929,17353,2738,3585,9189
values_413,79,10,10,38,14,9950,18157,24871,5169,22558,26670,379,27128,1761,4274
values_191,79,10,10,38,14,32549,29984,13284,25841,27445,5142,14547,30600,11373,14888
values_378,79,10,10,38,14,2832,10952,7179,8600,28427,21203,20571,27418,14915,18961
values_344,79,10,10,38,14,3664,32073,27466,28790,23575,10561,3988,9841,23467,30429
values_914,79,10,10,38,14,10965,11816,26739,11481,31674,8886,18335,4197,23203,27282
values_816,79,10,10,38,14,2076,8984,5526,20824,25129,22962,30979,17332,11637,26416
values_830,79,10,10,38,14,19286,24398,29332,23494,11256,4387,8118,2797,9215,13999
values_440,79,10,10,38,14,9853,30701,23013,21218,9235,20895,19615,9177,12909,8331
values_638,79,10,10,38,14,23055,19932,2431,1959,24574,10479,21373,6800,14538,15265
values_713,79,10,10,38,14,7768,20280,26356,32227,22215,11692,2668,31406,6449,29971
values_743,79,10,10,38,14,1026,14557,28521,12584,10126,7181,25850,4426,23569,24387
values_446,79,10,10,38,14,12805,25976,25107,7447,5510,22776,4565,27578,32703,8232
values_359,79,10,10,38,14,19626,18108,20274,4469,2647,12185,26270,20131,32450,10260
values_667,79,10,10,38,14,26499,22481,5836,3862,29580,6166,5937,12321,5247,19836
values_342,79,10,10,38,14,17878,3503,11266,18329,28422,25180,21318,2980,20759,18911
values_696,79,10,10,38,14,25610,11622,27186,472,17137,3732,7063,22253,10934,16377
values_55,79,10,10,38,14,15811,19346,30531,4303,522,12027,22885,9685,7891,7554
values_343,79,10,10,38,14,8223,793,3212,4208,6641,15475,5950,16792,23707,3406
values_757,79,10,10,38,14,6753,19563,26231,7576,20146,944,17208,29799,4484,29510
values_971,79,10,10,38,14,24984,4786,3625,11317,27885,19454,8774,13538,25379,4148
values_14,79,10,10,38,14,17471,22021,13474,21507,24848,1113,3926,31959,7549,5483
values_997,79,10,10,38,14,24751,15736,28757,12878,4354,20033,25625,9023,3357,7389
values_47,79,10,10,38,14,2124,22017,28492,6963,3515,395,9797,28880,29170,23462
values_985,79,10,10,38,14,7090,2457,24194,32404,26086,9896,18704,1894,26477,479
values_177,79,10,10,38,14,4169,21633,25755,28403,30130,13945,19803,16594,94,1363
values_229,79,10,10,38,14,77,16383,18936,15668,514,1988,11829,20325,29722,663
values_925,79,10,10,38,14,17758,17168,4978,22385,3165,26216,6186,29620,9323,19553
values_747,79,10,10,38,14,1893,25734,23305,29260,4802,11321,9863,8634,1342,11128
values_874,79,10,10,38,14,27325,21663,22746,6657,27847,27835,1930,27346,5382,20500
values_91,79,10,10,38,14,28020,15734,6215,24159,21655,27064,7169,27910,12836,31982
values_64,79,10,10,38,14,22856,5159,10458,28052,4608,25158,27513,26184,9329,32046
values_598,79,10,10,38,14,5181,23577,15581,16919,26234,4895,8043,6146,21311,30572
values_418,79,10,10,38,14,10003,16441,4038,10712,12842,21927,13630,8315,4701,7581
values_522,79,10,10,38,14,11696,24568,30094,12933,12201,5060,19490,14538,15875,6070
values_467,79,10,10,38,14,3390,17417,14676,25464,30191,15112,13941,2995,31474,4153
values_130,79,10,10,38,14,23994,12807,704,31157,3843,392,20936,8404,26958,14070
values_165,79,10,10,38,14,20468,30018,32261,22971,19569,3067,21693,5134,30900,10
values_776,79,10,10,38,14,290,14181,11290,29230,13819,5494,29334,32076,22285,14904
values_215,79,10,10,38,14,25874,13120,12679,13994,1646,1887,14923,17209,3369,9974
values_753,79,10,10,38,14,22970,32354,24324,32364,9057,29644,7053,32215,20111,30019
values_403,79,10,10,38,14,27151,3167,9875,21948,15264,10050,27265,27354,30521,21850
values_815,79,10,10,38,14,30384,24649,7350,19664,13389,15626,10087,23672,14520,17347
values_857,79,10,10,38,14,2625,3642,17334,30552,1298,1624,23685,87,28740,7726
values_858,79,10,10,38,14,6978,20325,17893,32052,3635,18532,7595,24721,1622,18054
values_609,79,10,10,38,14,784,15796,29502,19399,28774,18968,1377,22150,25822,10544
values_327,79,10,10,38,14,29552,5166,27283,8382,18754,23513,2769,19665,1198,15872
values_573,79,10,10,38,14,8283,4152,15404,6208,23576,14136,12713,25845,12232,3029
values_402,79,10,10,38,14,13807,30383,20516,9756,1841,16519,28772,16259,17120,18438
values_396,79,10,10,38,14,14536,19793,31162,20918,15992,26578,28610,24641,2973,5313
values_352,79,10,10,38,14,28033,5193,20798,28107,21002,6537,19733,14218,19244,9241
values_360,79,10,10,38,14,16226,24985,31776,28633,2938,3293,679,14409,23003,31167
values_211,79,10,10,38,14,19786,5740,10559,22464,12354,11207,26836,23464,21202,24579
values_276,79,10,10,38,14,8511,23357,1582,16920,5498,10614,18438,24750,6586,20539
values_595,79,10,10,38,14,21230,16643,9818,4397,27982,6465,23673,14512,23968,13520
values_714,79,10,10,38,14,14136,31354,18970,17117,21059,11080,22591,31060,5108,1004
values_134,79,10,10,38,14,30906,18352,29433,18533,28950,31063,1257,1612,27445,3149
values_602,79,10,10,38,14,1931,2226,20669,27402,26886,15187,13572,15377,5079,4128
values_658,79,10,10,38,14,7471,11562,17660,19564,21835,29892,19320,17062,1084,17952
values_226,79,10,10,38,14,20033,30961,24389,32165,813,29594,25980,15858,30081,15598
values_11,79,10,10,38,14,4138,22274,8791,1865,14163,11932,27162,31404,9671,30547
values_501,79,10,10,38,14,23374,17921,1054,21565,20768,22075,558,14693,19522,21229
values_979,79,10,10,38,14,3728,5411,19111,29212,2036,21286,19584,26800,21386,8837
values_617,79,10,10,38,14,4830,27722,416,11208,28653,13629,14318,32507,29384,28745
values_722,79,10,10,38,14,6562,13663,3003,866,19804,17812,12707,25901,7238,8068
values_751,79,10,10,38,14,13338,20194,31501,31045,27162,22159,10612,9853,9159,3410
values_556,79,10,10,38,14,1522,3025,11812,4455,15399,16064,3612,7844,12943,9022
values_356,79,10,10,38,14,8938,3819,6757,24276,3657,680,9875,20727,1197,24604
values_958,79,10,10,38,14,27487,21191,11394,24856,2629,16222,2917,29774,7625,18990
values_611,79,10,10,38,14,21303,2878,15740,2007,22013,874,8117,27644,25633,15303
values_780,79,10,10,38,14,21634,30646,13350,26735,16003,30823,7099,27432,20562,23094
values_938,79,10,10,38,14,25405,3597,6896,16828,13448,28224,988,17661,25377,7204
values_464,79,10,10,38,14,24271,25744,31245,1064,9478,29744,20695,16096,27501,1721
values_704,79,10,10,38,14,7382,14513,27573,8900,11551,20560,18792,26891,7663,24638
values_709,79,10,10,38,14,12561,25410,3155,29375,13857,11279,31920,2258,28293,29940
values_649,79,10,10,38,14,849,29154,1575,28431,7551,27913,15212,28635,14045,8570
values_306,79,10,10,38,14,1116,14729,12412,29466,17894,7073,27080,9931,10856,14746
values_754,79,10,10,38,14,14346,7454,26587,3408,18133,22298,2266,3756,30911,30754
values_593,79,10,10,38,14,94,19765,27575,6169,5986,18172,26297,25073,22746,12349
values_740,79,10,10,38,14,1015,20178,2026,9771,26960,31753,17241,8534,17167,24671
values_791,79,10,10,38,14,2797,19467,5742,32372,16587,7344,21409,17517,2728,23980
values_482,79,10,10,38,14,17879,12279,9075,14426,17201,29485,10000,31974,4343,18277
values_567,79,10,10,38,14,19342,6653,26053,20924,14520,896,23123,11266,22974,24331
values_295,79,10,10,38,14,13972,5466,13098,7099,21759,24719,19354,25679,20402,17436
values_311,79,10,10,38,14,9518,32736,492,14016,27152,3907,24455,12415,718,24748
values_389,79,10,10,38,14,4225,4492,1186,17991,18571,12251,7584,7981,30864,17419
values_212,79,10,10,38,14,9237,26288,28241,5223,28193,10039,1475,7183,19890,1560
values_895,79,10,10,38,14,3492,27595,15840,3918,5300,20970,24058,31957,13797,14804
values_162,79,10,10,38,14,26173,2375,26424,12903,28377,6245,6678,5205,24152,14931
values_975,79,10,10,38,14,9691,2526,18512,27831,9483,17678,28835,20825,20485,31902
values_49,79,10,10,38,14,20922,21571,19972,24909,1051,10890,12287,29758,8353,20847
values_502,79,10,10,38,14,22120,30335,32717,19461,31849,199,15609,28254,29238,28865
values_908,79,10,10,38,14,26709,6479,26227,29805,14829,15039,20671,6010,31442,6388
values_606,79,10,10,38,14,19523,21764,27324,14704,3672,5002,28733,28629,25587,24308
values_141,79,10,10,38,14,27990,20591,19332,25066,10203,10790,25294,23865,268,21145
values_865,79,10,10,38,14,27895,279,22717,19349,3207,10651,28700,24256,30363,8553
values_347,79,10,10,38,14,26483,22806,18878,17535,16222,30681,5154,21439,24677,11638
values_889,79,10,10,38,14,16677,2099,13143,23582,19011,4045,14101,25263,21664,15392
values_698,79,10,10,38,14,15642,28610,16649,380,10106,1239,26217,30501,14311,32306
values_432,79,10,10,38,14,8366,31220,24469,7139,1956,28560,16571,28962,17812,19535
values_994,79,10,10,38,14,3367,13056,3898,5127,5169,14370,9295,12613,28165,25958
values_953,79,10,10,38,14,31999,5413,11489,12431,17839,3695,28414,32170,28992,13727
values_301,79,10,10,38,14,16986,16364,3938,10149,18394,32551,2294,18841,30242,18309
values_801,79,10,10,38,14,14623,6757,13475,8347,18406,17644,21632,32371,31434,15429
values_465,79,10,10,38,14,5254,11490,23224,17783,7643,19805,4457,27545,4560,2623
values_62,79,10,10,38,14,23006,21603,2976,27269,7430,9360,13133,14901,6954,6227
values_394,79,10,10,38,14,12182,11094,24032,29457,15336,27418,24456,32692,2685,21565
values_570,79,10,10,38,14,342,8551,20874,3492,14483,8760,1084,4636,11242,22543
values_331,79,10,10,38,14,4558,26943,26444,27399,20731,32047,24736,28078,18920,1911
values_80,79,10,10,38,14,21773,20421,2157,15234,2168,392,20281,26281,21552,4835
values_319,79,10,10,38,14,12705,1547,22403,26026,18960,14993,1842,23033,24072,2689
values_261,79,10,10,38,14,27856,13813,26637,21707,10455,23429,23012,1009,4059,11358
values_697,79,10,10,38,14,30852,18070,6962,652,21052,27866,21472,28289,15470,1442
values_961,79,10,10,38,14,2418,9086,27668,12077,19165,3077,26061,13836,23789,12966
values_685,79,10,10,38,14,30968,23995,14672,22909,8770,6681,30356,16785,32098,23504
values_884,79,10,10,38,14,9349,14838,18477,7405,14841,28831,29270,28420,25142,898
values_383,79,10,10,38,14,6917,17862,16449,19431,29556,28301,18645,16862,15229,21065
values_809,79,10,10,38,14,5471,29254,10458,19297,5685,18940,360,30780,23388,415
values_652,79,10,10,38,14,25574,1844,431,23364,17004,30236,16572,28090,8525,1765
values_761,79,10,10,38,14,15841,6321,29190,14085,28237,2990,27529,28545,25530,19260
values_123,79,10,10,38,14,23641,12429,21527,24465,2057,24516,10740,6846,12829,1159
values_945,79,10,10,38,14,17391,19196,30355,30982,3722,4748,4584,4962,28093,15233
values_677,79,10,10,38,14,30625,944,3037,5986,32370,15172,28316,7691,10189,6800
values_772,79,10,10,38,14,25343,2754,5045,17772,14264,17565,7385,2532,25590,8141
values_759,79,10,10,38,14,14789,23173,20839,17342,8282,20120,28977,20151,11826,27622
values_150,79,10,10,38,14,31647,26450,13793,11435,9276,22098,10173,12120,2525,27851
values_369,79,10,10,38,14,4165,29461,15651,12843,14651,28968,1839,4236,31252,18810
values_558,79,10,10,38,14,32590,4853,2342,24812,24560,17465,6025,1923,12103,1028
values_750,79,10,10,38,14,27439,3270,4918,25955,20424,11591,3967,20146,28921,19918
values_496,79,10,10,38,14,18166,14944,30656,5140,22907,26265,19462,13417,10273,5125
values_460,79,10,10,38,14,1610,20608,14834,19782,29427,8075,14778,16255,12836,22401
values_788,79,10,10,38,14,8548,8565,20390,6665,20991,15840,2488,15559,21195,31866
values_509,79,10,10,38,14,20489,1289,15997,607,7419,25462,7004,19049,2693,7666
values_167,79,10,10,38,14,28829,11789,27704,12978,22139,22954,5795,48,23123,32053
values_135,79,10,10,38,14,25946,35,23882,31886,26292,5547,9590,9914,6458,19177
values_273,79,10,10,38,14,6012,28199,4369,25312,31456,22349,8113,27280,31290,18908
values_768,79,10,10,38,14,10807,9710,766,9199,26324,5848,31720,28706,3758,5697
values_528,79,10,10,38,14,7193,29890,30332,16227,30787,22014,30895,4967,32553,20019
values_39,79,10,10,38,14,19285,3922,3760,3832,22082,16719,5360,9008,21243,26405
values_981,79,10,10,38,14,16163,403,3068,26480,8491,7466,21398,28481,14003,4501
values_506,79,10,10,38,14,28793,17607,13614,17487,1618,11264,24423,4613,9361,26953
values_520,79,10,10,38,14,503,4011,23355,11177,8692,31688,12533,5286,12227,15386
values_228,79,10,10,38,14,31065,10024,28466,27062,19498,76,58,62,66,66
values_875,79,10,10,38,14,12760,15170,14215,13731,2903,27728,26359,26995,28568,601
values_745,79,10,10,38,14,32129,27955,5878,25157,17827,29819,10254,17029,6068,10398
values_680,79,10,10,38,14,32067,3152,18253,18678,8225,854,15910,12138,21670,24983
values_523,79,10,10,38,14,30574,2546,12878,3795,1338,12528,17463,4650,7808,10660
values_90,79,10,10,38,14,29830,18653,23019,31026,31795,17695,2543,32388,20712,9147
values_386,79,10,10,38,14,12812,11409,28984,18335,30676,17117,24457,17380,6769,30
values_898,79,10,10,38,14,21808,18846,1988,8526,10643,23831,31357,15805,3589,28617
values_401,79,10,10,38,14,8158,25265,32214,6390,24548,27415,31425,7806,18397,24063
values_915,79,10,10,38,14,368,8424,9610,6502,28303,31128,19524,23303,19223,27743
values_899,79,10,10,38,14,6149,2719,29833,13726,6871,1313,893,18058,29316,5263
values_475,79,10,10,38,14,1920,30671,19448,374,32413,14390,25284,21402,23681,29217
values_187,79,10,10,38,14,23162,16995,3948,7496,20187,16536,26187,26076,27832,15903
values_397,79,10,10,38,14,5703,18229,22227,19387,24816,1778,18826,18674,6132,30848
values_53,79,10,10,38,14,8572,3873,4150,19150,27379,10369,9595,29334,9462,6512
values_571,79,10,10,38,14,12250,14243,3140,4866,30418,19729,2268,20880,28459,27395
values_828,79,10,10,38,14,17654,18219,24882,17905,23196,12233,20106,22033,11879,1563
values_251,79,10,10,38,14,27984,25204,12463,20781,2522,9157,12860,13771,23387,26522
values_977,79,10,10,38,14,2923,12391,20165,21489,29201,3621,6126,9633,16359,13691
values_148,79,10,10,38,14,10621,11136,8144,19250,3979,22679,17460,961,1781,15452
values_661,79,10,10,38,14,4718,7563,25740,31743,7414,7510,26897,4821,9692,26772
values_94,79,10,10,38,14,14239,25029,18533,15942,6196,25949,19986,12309,10515,2572
values_136,79,10,10,38,14,19286,15172,16650,3060,4088,17138,19623,30737,1824,19136
values_508,79,10,10,38,14,6096,24929,29862,29439,1410,8282,20230,22863,26430,7476
values_504,79,10,10,38,14,32479,14031,6465,19727,30131,9930,2469,24392,4416,20478
values_890,79,10,10,38,14,27403,2590,25734,24739,29011,17309,24396,22462,8557,23881
values_725,79,10,10,38,14,16150,29914,8348,11358,26610,7009,32029,28041,22738,24279
values_987,79,10,10,38,14,6818,18061,21316,311,30392,31082,21576,15424,23039,25819
values_193,79,10,10,38,14,19624,5436,18222,23996,13114,193,20282,353,2333,8161
values_956,79,10,10,38,14,2291,30484,26025,32571,23863,18688,12195,19012,2580,26839
values_851,79,10,10,38,14,23944,30621,11608,7670,1601,25223,2433,8717,9420,22100
values_338,79,10,10,38,14,22350,3437,32279,32287,20319,799,20758,21573,30513,4778
values_980,79,10,10,38,14,7274,22555,15409,16243,27068,24031,203,17351,5882,1545
values_575,79,10,10,38,14,27960,2380,17664,19653,30419,9068,9380,11315,8700,348
values_619,79,10,10,38,14,6491,14991,7800,25623,25187,24425,19867,26739,22592,1204
values_703,79,10,10,38,14,17628,22479,27344,3119,15304,16528,12941,15146,30663,3582
values_715,79,10,10,38,14,32618,24060,1379,27221,308,585,16797,14618,2630,20675
values_170,79,10,10,38,14,28931,12380,27526,11374,8531,28294,11541,27407,3319,12773
values_181,79,10,10,38,14,6913,14699,30070,23724,27287,15640,28369,26215,27027,13165
values_557,79,10,10,38,14,5469,8881,5459,25681,19530,6415,653,23459,6731,6107
values_456,79,10,10,38,14,30792,1756,16247,4184,8336,17228,13760,10873,28075,3584
values_256,79,10,10,38,14,26937,20138,30571,9708,25177,29257,7125,32597,3954,24681
values_737,79,10,10,38,14,26341,30509,27897,7871,6060,17860,9491,20875,26476,23439
values_183,79,10,10,38,14,9310,26638,17287,2647,9637,18054,6285,18892,20564,11705
values_727,79,10,10,38,14,6093,18578,25651,17003,13196,17625,5463,17819,10274,4629
values_826,79,10,10,38,14,12853,27320,6601,8254,14743,19205,4712,26572,30050,18236
values_805,79,10,10,38,14,5585,23213,7660,22145,23766,30208,6921,13119,24003,30116
values_947,79,10,10,38,14,4147,18990,32488,21327,4366,32128,26321,8174,18277,18239
values_281,79,10,10,38,14,14864,1180,22795,2679,7539,26511,17556,4877,30641,28907
values_760,79,10,10,38,14,2244,17565,10843,18885,2558,30654,22858,28426,32532,26944
values_426,79,10,10,38,14,7889,29629,16629,27324,30006,12147,18245,27247,20881,31624
values_618,79,10,10,38,14,15395,23485,23244,16699,9956,4377,4084,13531,1350,17315
values_7,79,10,10,38,14,25446,19562,22029,3703,14816,287,26636,16375,9177,18407
values_31,79,10,10,38,14,170,2805,22035,32334,2108,24000,11461,26563,19193,23360
values_293,79,10,10,38,14,29310,6709,18070,14644,10166,12090,19226,3507,3809,16331
values_93,79,10,10,38,14,7724,19064,23926,31926,7398,28812,2445,3381,14817,4293
values_477,79,10,10,38,14,32364,7341,29916,18051,5286,24313,8989,29489,12222,25067
values_100,79,10,10,38,14,15588,25424,28998,2751,8108,5058,32373,4091,2405,28871
values_364,79,10,10,38,14,23641,16774,22169,13852,32096,19199,15927,31769,494,19466
values_909,79,10,10,38,14,8377,18918,8413,24834,7538,8169,3138,4466,31894,20336
values_541,79,10,10,38,14,2774,8227,22751,2866,15073,17875,32055,20051,8805,16601
values_990,79,10,10,38,14,23008,4059,15878,13798,16597,23995,19445,23206,24163,22020
values_252,79,10,10,38,14,22678,15496,761,20481,24817,27143,5623,19429,25024,29424
values_835,79,10,10,38,14,29252,16730,24163,27355,25065,30151,6663,20317,12322,26576
values_421,79,10,10,38,14,17305,18720,31247,11070,29063,24474,30912,17093,24957,17727
values_781,79,10,10,38,14,27149,10267,19256,12996,30787,17697,5635,15032,4111,27228
values_866,79,10,10,38,14,16710,5884,21552,27791,10724,9186,24962,17317,20490,14517
values_186,79,10,10,38,14,13357,10320,32669,19248,9850,21447,23280,20976,2782,14959
values_330,79,10,10,38,14,5706,27213,31713,21603,13724,14358,17969,272,1184,25328
values_643,79,10,10,38,14,2045,19292,19350,29288,15923,18627,32051,7482,23626,7864
values_108,79,10,10,38,14,19719,31016,22085,1332,18600,26454,7697,27646,543,24575
values_527,79,10,10,38,14,30185,4941,12803,5435,15735,15606,22957,1792,20999,6029
values_473,79,10,10,38,14,11124,3177,12266,4073,669,1211,22961,80,6349,11536
values_474,79,10,10,38,14,18054,2427,7908,17965,9203,29013,2273,22223,17854,15886
values_439,79,10,10,38,14,23282,14665,30848,10831,28907,31346,9314,29938,18396,9571
values_855,79,10,10,38,14,26701,21182,6922,23008,7273,3980,23581,29154,22383,22565
values_280,79,10,10,38,14,21287,32287,20934,32645,11681,18338,30339,1850,32240,2658
values_626,79,10,10,38,14,30505,15986,16598,16501,11586,9267,9920,31775,23870,8973
values_38,79,10,10,38,14,2495,813,1655,2826,29569,1382,17632,23778,27883,12209
values_670,79,10,10,38,14,25598,9453,24802,27143,25159,21523,8608,138,12582,4442
values_266,79,10,10,38,14,22729,12254,2797,2983,8304,24429,21484,13847,16099,18006
values_551,79,10,10,38,14,25494,14717,17954,5949,12722,12635,5407,12134,29263,10013
values_554,79,10,10,38,14,28029,7283,125,12679,16199,10253,17051,11934,17933,11763
values_445,79,10,10,38,14,5339,14029,6922,4073,20084,975,14267,12555,13054,27471
values_58,79,10,10,38,14,30676,13328,24323,17737,1680,12313,4745,4070,29741,25396
values_599,79,10,10,38,14,31496,20911,25374,18943,25609,25256,7038,29582,1865,636
values_978,79,10,10,38,14,22823,9315,2393,3284,27375,19190,7048,20817,8687,15852
values_517,79,10,10,38,14,28830,29270,14380,8557,16449,1274,5012,2160,9486,5616
values_705,79,10,10,38,14,1743,4555,9636,24954,30389,22771,23068,28748,16231,27518
values_78,79,10,10,38,14,23940,20915,12611,13132,14575,13034,22988,2865,3673,31823
values_758,79,10,10,38,14,14517,21587,17124,15789,2025,22882,22335,13434,23819,3475
values_50,79,10,10,38,14,8606,8505,22259,15631,802,29570,9333,32394,15378,29729
values_837,79,10,10,38,14,7024,20815,6035,26236,17096,26737,27062,22876,8311,18672
values_448,79,10,10,38,14,4108,28831,12019,19826,10652,12728,22845,10057,2343,25561
values_738,79,10,10,38,14,22458,24960,6366,9147,13185,16285,91,30504,425,30028
values_580,79,10,10,38,14,24779,27829,8308,13845,29135,18717,15891,18680,13935,8230
values_832,79,10,10,38,14,3368,13178,6450,26643,7700,25678,29260,31670,13959,31237
values_339,79,10,10,38,14,15299,11222,5707,14732,15530,28544,20701,18499,9720,23079
values_462,79,10,10,38,14,4537,28250,1054,28420,13156,12089,15535,26933,29193,10572
values_414,79,10,10,38,14,1397,20734,15442,31912,21561,6367,4500,31716,13929,16480
values_631,79,10,10,38,14,930,5894,21545,31132,18636,20408,9306,21795,26424,21958
values_521,79,10,10,38,14,20822,9794,23583,11053,442,19534,22827,11771,15432,26598
values_374,79,10,10,38,14,2534,20907,22302,14456,19752,26592,9380,18573,14825,25240
values_370,79,10,10,38,14,22823,5209,10550,425,8808,27156,5971,31804,30274,14659
values_941,79,10,10,38,14,8381,8537,5146,22524,19782,30300,17876,19368,26707,11737
values_227,79,10,10,38,14,8051,22696,5634,4223,19087,476,14498,5348,10818,1251
values_469,79,10,10,38,14,13873,17933,24669,68,17011,23670,22175,26062,9014,9037
values_250,79,10,10,38,14,15674,20875,28568,8995,10202,31943,7664,24449,30119,16556
values_470,79,10,10,38,14,1896,9871,15279,21790,25485,20333,23694,30036,28018,26536
values_245,79,10,10,38,14,9716,5052,29389,16120,7343,6708,563,1089,29118,19536
values_296,79,10,10,38,14,13983,28497,14287,19531,2585,4801,17717,27783,9441,27662
values_881,79,10,10,38,14,16369,24909,25110,24992,29943,6328,3306,5408,6050,15041
values_530,79,10,10,38,14,1414,11707,21497,29531,21195,9367,20531,21783,2682,2712
values_534,79,10,10,38,14,5272,4107,27119,18900,5344,17245,28845,23814,12506,5590
values_3,79,10,10,38,14,26472,16647,24018,5929,15022,21063,2667,30709,20574,27863
values_114,79,10,10,38,14,10156,4992,19262,30761,31788,3874,15811,29316,10349,28518
values_367,79,10,10,38,14,8375,25742,5329,5956,16728,15361,2791,29242,19645,15349
values_545,79,10,10,38,14,13072,24511,26697,27645,29518,10255,20289,18448,21482,3787
values_304,79,10,10,38,14,20095,23069,27224,25917,17791,7361,27866,15913,27392,28154
values_13,79,10,10,38,14,129,10312,23064,17657,17979,10828,11432,17849,12734,5678
values_535,79,10,10,38,14,6648,21714,28520,19567,21785,31496,23792,18530,23474,22306
values_83,79,10,10,38,14,8162,18150,10107,11785,4505,27824,12730,18460,9089,9352
values_820,79,10,10,38,14,14613,6227,7926,6013,15157,10995,19057,8389,9159,5101
values_216,79,10,10,38,14,13000,27563,26715,12797,11932,10569,20627,12639,10658,32202
values_149,79,10,10,38,14,12783,2014,13342,24848,28774,29096,8258,31146,32658,23749
values_1,79,10,10,38,14,15891,9183,28676,11992,7689,24992,12241,30551,10922,3722
values_194,79,10,10,38,14,4743,7099,14988,17632,20971,21832,23676,3637,470,22693
values_607,79,10,10,38,14,22267,2663,26110,14793,24948,3158,24607,25348,3467,17885
values_950,79,10,10,38,14,30360,21828,24699,11357,6416,12388,29006,24188,29198,15574
values_282,79,10,10,38,14,16105,11045,13454,2053,20931,4151,5646,7865,29364,26950
values_547,79,10,10,38,14,31818,21445,28519,331,14493,7902,22399,22386,12176,13170
values_223,79,10,10,38,14,15768,9379,4131,336,5108,16309,10997,28682,3117,7337
values_660,79,10,10,38,14,19208,7121,14265,4070,439,15541,23693,17665,22441,556
values_21,79,10,10,38,14,28559,10259,1637,6467,27941,10400,31418,23759,20077,24818
values_217,79,10,10,38,14,16712,30081,5104,6558,31568,25497,25960,29349,27422,22849
values_32,79,10,10,38,14,5405,19028,22978,16312,23098,21369,27522,20413,20159,22484
values_336,79,10,10,38,14,26278,29067,11319,21715,28132,9364,5247,24847,58,8157
values_305,79,10,10,38,14,5632,16534,6425,10883,14465,1271,27366,24776,9402,20871
values_688,79,10,10,38,14,21629,4385,28066,21154,3542,29644,29829,10342,18389,15052
values_453,79,10,10,38,14,15993,19851,25691,26586,15976,6438,32424,6217,26040,7431
values_859,79,10,10,38,14,30418,6876,16137,6473,6370,12289,29069,18555,17947,15163
values_391,79,10,10,38,14,8951,28543,19550,22458,27784,29950,9204,9429,1478,30236
values_888,79,10,10,38,14,29630,14159,1044,12855,26338,985,7078,12976,19623,21816
values_168,79,10,10,38,14,27557,1670,1792,8367,12910,15110,1555,30258,24875,24172
values_910,79,10,10,38,14,18824,29631,27630,12457,8010,13049,11947,12221,12197,1175
values_185,79,10,10,38,14,27323,14862,25440,29463,32669,11110,11221,6271,21627,3349
values_156,79,10,10,38,14,8379,32283,22219,13502,3813,18248,14330,3815,15862,11216
values_22,79,10,10,38,14,16997,15544,8052,24004,11566,7562,76,58,62,66
values_919,79,10,10,38,14,10925,30410,24773,4727,28353,8068,21420,21146,2955,4915
values_807,79,10,10,38,14,7738,20195,11787,11869,2799,32271,13418,21922,7855,28867
values_179,79,10,10,38,14,6059,17079,29632,531,29243,11483,24280,31564,23559,173
values_799,79,10,10,38,14,25435,21794,12660,12897,21167,15263,7959,24719,10625,7919
values_173,79,10,10,38,14,29695,13714,20649,6621,32508,9816,2255,23898,19395,30752
values_332,79,10,10,38,14,10726,22192,19320,14244,19047,27454,27357,18327,20161,29858
values_729,79,10,10,38,14,1668,22539,9857,5556,16776,9197,30,23965,31905,25158
values_121,79,10,10,38,14,24375,19232,13266,22684,7834,20428,21794,212,14808,19921
values_942,79,10,10,38,14,13890,23978,10951,12910,18817,29765,16476,7558,5574,7415
values_312,79,10,10,38,14,32377,12131,5969,5080,24144,16254,29487,26457,17112,15753
values_9,79,10,10,38,14,32310,21395,1045,18922,16734,11864,20090,336,26631,27066
values_911,79,10,10,38,14,31693,30621,8370,16475,8589,21025,30565,21517,10280,29607
values_802,79,10,10,38,14,5493,24790,7449,32086,18273,21372,10045,21563,7905,12656
values_813,79,10,10,38,14,28483,768,12903,27524,9498,5095,3631,29207,24297,30998
values_711,79,10,10,38,14,17683,13967,26623,17119,21633,13545,2598,4025,31404,2562
values_931,79,10,10,38,14,27506,5585,7536,12631,18098,21120,9070,13090,9962,16393
values_778,79,10,10,38,14,21347,32183,29237,27073,12888,3206,4321,17170,10532,7784
values_897,79,10,10,38,14,25759,27115,14168,4569,15941,8980,25257,6222,31812,19428
values_699,79,10,10,38,14,26026,7419,9852,17215,3428,12431,32609,30469,21805,24766
values_877,79,10,10,38,14,309,22136,13992,9644,32721,21783,21300,14588,4331,5418
values_288,79,10,10,38,14,30956,30754,19154,19683,31236,12189,9232,11034,27092,9731
values_126,79,10,10,38,14,16576,13335,6946,17856,23336,17807,2024,26052,23416,1044
values_586,79,10,10,38,14,25274,9095,25362,3751,27174,24108,25644,3996,19390,10494
values_259,79,10,10,38,14,13696,19506,4543,5154,5747,2365,2767,17225,32370,76
values_106,79,10,10,38,14,3544,30833,5920,29811,29913,27012,7967,17887,4766,10446
values_405,79,10,10,38,14,1794,28365,1039,7347,22019,3000,1973,32252,32605,32742
values_867,79,10,10,38,14,4486,25454,21560,12704,6767,32225,22546,8131,18172,22744
values_838,79,10,10,38,14,22692,13624,12639,5300,9777,27452,30566,4426,18841,10181
values_964,79,10,10,38,14,24333,15818,8566,14250,6919,20652,25279,2258,16528,18112
values_219,79,10,10,38,14,1170,10701,2628,25600,32738,31894,26862,30753,876,26903
values_6,79,10,10,38,14,27572,18812,15292,21250,10872,17947,9838,10231,15038,26818
values_272,79,10,10,38,14,30946,2083,5051,5331,26549,25036,11222,28975,27664,8437
values_581,79,10,10,38,14,17226,20034,1679,28699,11518,20268,30605,14482,29939,8044
values_113,79,10,10,38,14,26729,24266,16109,32124,16795,2474,19035,19017,15457,8488
values_409,79,10,10,38,14,16516,992,29,337,4671,17358,3855,20231,1204,30318
values_76,79,10,10,38,14,31536,5810,14975,22880,25679,25132,7233,21033,11732,24688
values_962,79,10,10,38,14,4373,4111,1351,26920,25522,16787,26735,18193,19844,5740
values_724,79,10,10,38,14,572,15578,8494,29451,26638,11927,11076,29809,30505,17070
values_197,79,10,10,38,14,2369,19614,13753,3884,6471,13937,24087,23185,4066,18133
values_18,79,10,10,38,14,9102,15692,14656,16872,997,14699,5324,20114,6940,25600
values_590,79,10,10,38,14,31271,17903,32154,21872,28376,15852,31848,22573,29811,16906
values_537,79,10,10,38,14,3898,10044,31869,32444,5164,20857,32732,10427,13521,29225
values_627,79,10,10,38,14,17600,13892,23202,1117,3387,27879,21295,22023,29062,30258
values_657,79,10,10,38,14,491,1065,32202,20667,17346,24187,15168,24685,17739,8652
values_624,79,10,10,38,14,13535,29827,6542,14657,29387,5221,2487,15160,22335,3982
values_514,79,10,10,38,14,12096,861,27342,23859,14766,9521,11046,31785,26546,11134
values_864,79,10,10,38,14,659,1748,109,10081,29801,28124,15564,21396,13246,5660
values_591,79,10,10,38,14,30833,4419,28698,9697,12471,1351,19557,24215,4120,21975
values_923,79,10,10,38,14,32631,19815,23173,26431,20935,19844,21223,18108,29771,19399
values_783,79,10,10,38,14,11009,13003,29368,14012,18285,17443,18917,8222,11673,14495
values_612,79,10,10,38,14,22982,23861,16017,20659,18779,15168,11803,21768,379,15353
values_169,79,10,10,38,14,16386,353,3100,22762,14988,8424,8327,14588,13694,23653
values_408,79,10,10,38,14,31600,31009,26430,21745,16575,4374,18129,28503,23255,11758
values_601,79,10,10,38,14,29576,10841,5762,18916,14220,10875,9105,7404,799,30961
values_120,79,10,10,38,14,16885,30184,13496,9196,25685,14103,26469,12494,2676,15209
values_576,79,10,10,38,14,1468,18680,27739,427,1050,31308,13134,1269,10056,29846
values_845,79,10,10,38,14,25079,11972,20801,31454,29951,24920,14574,22621,8130,12989
values_415,79,10,10,38,14,21187,23834,11550,9810,30376,6200,23246,30845,25372,13409
values_213,79,10,10,38,14,24283,11740,3381,5734,16942,26118,11453,23715,6084,27641
values_246,79,10,10,38,14,27084,17259,17459,22661,18427,3660,7777,7112,5260,31978
values_893,79,10,10,38,14,5169,20160,11692,21820,11383,2079,18846,24214,28747,13124
values_159,79,10,10,38,14,2333,10336,2050,6860,20468,11007,5740,19045,2685,11883
values_363,79,10,10,38,14,11273,15078,7861,5119,22787,28436,32713,22558,25810,24551
values_308,79,10,10,38,14,14488,12716,25148,29090,4599,17695,20480,9806,32221,30614
values_967,79,10,10,38,14,13141,12623,6590,10622,13745,26558,20247,8734,4221,21230
values_622,79,10,10,38,14,17790,22735,9797,9700,32356,1562,29086,22792,32400,29350
values_277,79,10,10,38,14,4530,1093,15107,23044,29351,27238,421,21330,18062,7504
values_436,79,10,10,38,14,30741,19114,28031,20080,9314,32048,8329,17390,1569,25371
values_516,79,10,10,38,14,30854,17241,17712,17629,28058,11045,3239,3614,11682,9869
values_278,79,10,10,38,14,3647,9301,22796,2805,20344,6623,25963,19420,32209,7752
values_894,79,10,10,38,14,15152,15580,13810,19490,24067,11398,20659,32364,32564,26763
values_730,79,10,10,38,14,11940,9384,20715,28505,983,8458,8484,22952,992,17047
values_731,79,10,10,38,14,2658,5809,10914,13937,1635,8633,15227,394,13562,8442
values_666,79,10,10,38,14,26132,8972,14890,12379,738,21731,8535,4485,5312,563
values_271,79,10,10,38,14,15206,26594,12515,19920,4904,24935,2554,29212,8472,18736
values_392,79,10,10,38,14,31687,29799,29170,32158,3988,5108,29932,16776,13837,16800
values_16,79,10,10,38,14,22005,27238,30651,14145,14607,5233,29118,1806,1792,31393
values_283,79,10,10,38,14,23017,21191,18688,7788,28673,7847,12445,23980,31335,1527
values_485,79,10,10,38,14,2593,23963,16520,20874,26272,25796,10568,19124,550,31218
values_434,79,10,10,38,14,16469,14631,11441,13261,24000,23235,21784,4397,12500,3205
values_321,79,10,10,38,14,27565,4593,22128,12326,25586,15803,2738,11475,2835,13607
values_653,79,10,10,38,14,32466,19155,30440,15095,9116,2370,27621,28370,15233,22341
values_122,79,10,10,38,14,2262,22519,20649,7711,22137,26366,15086,31518,28363,12680
values_40,79,10,10,38,14,26700,29727,26109,9437,13793,8867,25233,925,28709,11679
values_269,79,10,10,38,14,10582,13806,14043,30293,20417,6540,2550,8140,30838,9570
values_131,79,10,10,38,14,20322,28734,24428,20167,14699,12971,18705,26522,168,5335
values_461,79,10,10,38,14,28233,20568,5194,16862,11837,21888,6992,17332,10801,23104
values_651,79,10,10,38,14,30417,6716,21485,11182,6171,24060,23727,8603,30262,26671
values_214,79,10,10,38,14,12135,32045,11755,28922,14742,27499,24180,11392,25081,4966
values_2,79,10,10,38,14,10627,27776,10078,739,13060,15652,1236,17603,19237,27848
values_287,79,10,10,38,14,19091,11751,21247,23248,12747,32521,6424,24253,5846,18684
values_785,79,10,10,38,14,5369,27552,5495,26560,23431,21033,3091,19048,16738,11461
values_723,79,10,10,38,14,23349,9731,4823,27062,12127,3704,19621,3483,26455,20616
values_390,79,10,10,38,14,20163,27855,26631,16226,22851,4022,30556,2353,18740,4445
values_823,79,10,10,38,14,9719,9689,21659,14427,23360,26482,5643,24024,26039,2806
values_442,79,10,10,38,14,12214,21975,4570,31622,7788,23587,30557,11387,11306,9705
values_182,79,10,10,38,14,19067,28059,31253,18500,22361,19583,5334,9606,27262,27274
values_291,79,10,10,38,14,18944,1622,8506,2846,14145,17039,19076,5720,2485,17373
values_656,79,10,10,38,14,14717,141,1755,7450,31248,20430,9471,6376,7479,32142
values_224,79,10,10,38,14,5011,3988,11393,1033,6279,7073,15826,20334,23386,16142
values_247,79,10,10,38,14,27068,12005,26102,29897,31480,13990,27223,9697,25543,6640
values_578,79,10,10,38,14,27709,8353,12753,32037,7831,18569,10423,19400,1095,29347
values_60,79,10,10,38,14,12071,32014,8345,145,10017,2518,6593,2068,15008,20565
values_546,79,10,10,38,14,6145,11973,13585,20531,25284,5636,8700,7531,3714,17597
values_642,79,10,10,38,14,20200,31703,11211,15985,31315,29627,19962,1057,30787,22716
values_796,79,10,10,38,14,8684,8482,30886,26999,31653,32683,408,7714,13507,29151
values_616,79,10,10,38,14,19857,21506,24857,11607,20073,3414,24927,3948,30767,1230
values_505,79,10,10,38,14,31911,30157,14934,20828,11949,1915,12879,22162,7487,23512
values_538,79,10,10,38,14,2208,20011,28072,12626,21107,25501,19923,18178,16791,494
values_863,79,10,10,38,14,1177,29712,11895,3184,23922,15769,31807,26851,5074,27724
values_550,79,10,10,38,14,5371,7908,1874,28444,25142,16174,2855,820,29470,24354
values_99,79,10,10,38,14,1585,4112,8741,7740,9836,20890,5484,23468,17488,28736
values_678,79,10,10,38,14,3307,26803,12465,15011,25991,30425,26208,25694,18240,9545
values_779,79,10,10,38,14,1048,20321,29143,29390,29157,31703,22900,25044,13118,22680
values_733,79,10,10,38,14,28087,28982,4430,944,29871,26928,6470,25395,24828,26876
values_628,79,10,10,38,14,18998,13006,25950,32431,5201,2458,24771,8990,30300,32729
values_883,79,10,10,38,14,6699,27074,1870,32406,4325,25632,11788,24637,20971,24765
values_298,79,10,10,38,14,28356,19317,2142,21186,25625,13909,28334,16567,14519,27621
values_901,79,10,10,38,14,1031,17659,30333,27449,21935,6516,13889,23570,6722,17402
values_385,79,10,10,38,14,15557,15591,2435,19474,31621,22593,3162,21440,16063,31143
values_48,79,10,10,38,14,1806,18246,15748,19358,12369,367,31030,5868,19001,1096
values_128,79,10,10,38,14,26230,1386,14655,3381,2599,2785,16740,7567,22882,2236
values_676,79,10,10,38,14,26532,23996,3008,3679,9981,5964,14136,23063,14068,31659
values_220,79,10,10,38,14,22896,4529,24463,8848,5348,12770,11982,1348,12496,8254
values_836,79,10,10,38,14,29350,2554,9940,13709,12521,13813,10108,10090,12534,29037
values_766,79,10,10,38,14,24855,1126,16397,21397,30143,27465,6523,13229,28339,24960
values_637,79,10,10,38,14,24006,30384,9485,7288,20846,28609,10622,7666,29527,26451
values_819,79,10,10,38,14,20737,20133,17456,25896,18597,12416,22489,30042,4778,11074
values_856,79,10,10,38,14,22337,639,7475,21305,12587,24819,18922,4428,27208,20153
values_905,79,10,10,38,14,2069,20555,2208,347,17599,32568,5485,27529,8087,3302
values_539,79,10,10,38,14,3629,24109,18689,13604,16114,31736,1350,5062,18852,9489
values_732,79,10,10,38,14,24239,25744,20820,25015,4294,12313,11997,29378,14909,20577
values_988,79,10,10,38,14,23003,18503,6234,11827,7342,867,8085,11015,5133,7281
values_902,79,10,10,38,14,3569,24107,23673,2189,4158,12987,21425,15090,14482,9637
values_109,79,10,10,38,14,24056,1348,30773,1086,16818,5880,28241,28583,20856,30856
values_262,79,10,10,38,14,11776,1869,30602,1082,9237,25894,9855,357,29861,9689
values_531,79,10,10,38,14,21779,28189,30909,7670,30004,15938,14775,19726,18362,23628
values_204,79,10,10,38,14,18421,2323,9011,28993,31762,25649,3170,19451,6417,23473
values_207,79,10,10,38,14,4493,32717,24971,3189,12047,22176,85,28128,23712,10948
values_993,79,10,10,38,14,4569,24885,5529,11740,27010,24142,32104,15034,19813,17859
values_69,79,10,10,38,14,10387,27658,2566,13546,638,3122,1965,6639,20293,614
values_46,79,10,10,38,14,16736,15398,26135,30020,13350,11203,29156,22857,19605,19810
values_654,79,10,10,38,14,27354,13194,5853,30870,30137,17145,25606,6147,32057,8798
values_955,79,10,10,38,14,18921,20079,15839,10937,19136,1048,18667,26163,9051,29185
values_795,79,10,10,38,14,24680,13000,14935,15441,27431,9692,11694,17850,29827,18284
values_24,79,10,10,38,14,9592,2210,9492,22333,26855,28137,10567,586,19166,30062
values_237,79,10,10,38,14,30420,24011,11632,1513,29718,15934,18517,1588,5769,30608
values_172,79,10,10,38,14,28977,13586,19705,30759,19520,6368,32161,13369,28204,18300
values_361,79,10,10,38,14,20706,1721,14881,11654,22850,20986,6586,13177,31914,10503
values_984,79,10,10,38,14,4570,21887,9724,20319,2255,6489,13379,9623,12509,9481
values_424,79,10,10,38,14,8135,13488,10932,19082,18950,22116,31281,30918,20180,10473
values_478,79,10,10,38,14,19286,22568,13014,25285,10890,29053,28742,30511,8468,27914
values_533,79,10,10,38,14,13142,10175,4741,25669,28709,14337,6436,24143,17599,2575
values_912,79,10,10,38,14,10074,25806,29180,21323,12546,2436,31379,3697,30290,343
values_431,79,10,10,38,14,15488,22481,5344,31395,4661,31114,3506,17664,30827,12995
values_318,79,10,10,38,14,19113,28926,29902,12186,1861,6159,32580,29708,26215,18997
values_842,79,10,10,38,14,28500,9759,7642,15806,3464,25447,16743,24981,20105,22483
values_934,79,10,10,38,14,14540,29109,23909,30896,14152,7674,50,18243,5190,15441
values_248,79,10,10,38,14,6758,30533,7162,17977,16505,27645,8209,9118,19666,21737
values_395,79,10,10,38,14,27363,22537,20980,31082,30277,22236,19514,12403,32224,22835
values_300,79,10,10,38,14,18353,27810,21513,27449,2969,5261,14581,3359,17385,9483
values_868,79,10,10,38,14,14538,4164,11606,3063,25301,543,2374,3946,12258,27660
values_565,79,10,10,38,14,16480,3501,19526,11957,30503,767,22801,1599,4817,4652
values_765,79,10,10,38,14,7545,25993,27532,28466,15158,10222,6535,19647,12827,24394
values_589,79,10,10,38,14,29529,11401,2705,572,4372,25975,3000,17940,17276,5282
values_800,79,10,10,38,14,1845,366,4748,16622,4076,8604,28677,15673,29581,7630
values_411,79,10,10,38,14,13804,19499,11785,11327,5054,11350,25575,26610,5599,16612
values_932,79,10,10,38,14,30598,6560,26074,3255,8390,26821,6265,17065,4994,32148
values_235,79,10,10,38,14,4075,27872,15133,28938,31561,2938,3993,7631,1476,2440
values_577,79,10,10,38,14,22118,23333,2390,9737,1383,24755,7426,29397,24971,2986
values_95,79,10,10,38,14,28889,24138,25947,4723,5651,28765,29549,1332,9071,5412
values_257,79,10,10,38,14,10051,20533,29446,22998,23583,9821,18101,22885,18326,1812
values_588,79,10,10,38,14,22765,4726,24656,8912,8896,1893,11388,7513,4832,29123
values_303,79,10,10,38,14,10638,20701,2903,28890,23202,28212,3067,30919,6654,31903
values_42,79,10,10,38,14,25187,657,21435,30320,29985,10365,8217,638,12784,10065
values_37,79,10,10,38,14,2712,2094,3586,16675,17586,28759,2480,2560,9093,18709
values_561,79,10,10,38,14,2174,7657,29106,32530,32745,17287,11193,25472,8937,29006
values_529,79,10,10,38,14,26479,13923,23142,761,6658,28220,11899,11698,22386,12135
values_270,79,10,10,38,14,24259,26269,14081,23977,3833,3748,17745,16068,9044,2814
values_937,79,10,10,38,14,31977,32490,24985,20635,10562,5387,30579,13148,7327,26938
values_10,79,10,10,38,14,28647,2416,8598,6009,21602,28211,27815,24707,31232,26329
values_368,79,10,10,38,14,3593,29030,31826,15636,28542,21862,26737,30472,11627,3978
values_67,79,10,10,38,14,31113,23006,8508,27630,15503,9892,4927,28387,26375,28164
values_161,79,10,10,38,14,28823,21489,23335,28465,6691,20738,23534,18080,1261,16886
values_672,79,10,10,38,14,4412,19968,30661,26934,31523,2596,17221,27648,461,2100
values_35,79,10,10,38,14,2589,1620,18632,4257,16017,555,24815,859,23347,12909
values_205,79,10,10,38,14,10745,3475,31475,21879,31486,8883,31584,24036,20224,26071
values_495,79,10,10,38,14,16068,8969,20541,30955,30819,9797,2068,6772,21288,1403
values_151,79,10,10,38,14,26575,27526,32225,21229,32516,21327,3930,5556,3499,253
values_429,79,10,10,38,14,18970,13537,13959,3477,19096,19326,6198,15211,28322,5266
values_30,79,10,10,38,14,19540,30214,19050,3318,12521,27557,3604,8128,1304,23759
values_673,79,10,10,38,14,14277,25950,14679,31936,16910,3841,21320,16917,25596,20243
values_4,79,10,10,38,14,25863,22975,1915,14053,18636,14165,27911,3911,8451,26715
values_792,79,10,10,38,14,17411,1107,31665,26148,23724,22360,10723,4908,29396,6437
values_497,79,10,10,38,14,20618,13755,18708,10846,24297,12774,12308,30925,648,6228
values_764,79,10,10,38,14,24074,26511,25371,20630,9098,7327,20372,20549,13975,7764
values_960,79,10,10,38,14,22880,4188,20778,257,19661,472,3053,28951,19134,7575
values_345,79,10,10,38,14,2292,6422,29930,31328,15477,11218,21236,1921,8993,18621
values_621,79,10,10,38,14,20418,21868,16406,21200,3333,8008,23408,26012,18519,254
values_579,79,10,10,38,14,8943,1724,15841,7838,14901,19776,6045,21930,4369,8769
values_388,79,10,10,38,14,8330,30642,13943,1334,14323,30065,17946,11427,27061,4061
